/*
 Navicat Premium Data Transfer

 Source Server         : mysql
 Source Server Type    : MySQL
 Source Server Version : 100133
 Source Host           : localhost:3306
 Source Schema         : activosfijos

 Target Server Type    : MySQL
 Target Server Version : 100133
 File Encoding         : 65001

 Date: 23/04/2019 21:22:40
*/

SET NAMES utf8mb4;
SET FOREIGN_KEY_CHECKS = 0;

-- ----------------------------
-- Table structure for activo
-- ----------------------------
DROP TABLE IF EXISTS `activo`;
CREATE TABLE `activo`  (
  `activo_id` int(11) NOT NULL AUTO_INCREMENT,
  PRIMARY KEY (`activo_id`) USING BTREE
) ENGINE = InnoDB AUTO_INCREMENT = 1 CHARACTER SET = utf8mb4 COLLATE = utf8mb4_bin ROW_FORMAT = Compact;

-- ----------------------------
-- Table structure for activos
-- ----------------------------
DROP TABLE IF EXISTS `activos`;
CREATE TABLE `activos`  (
  `activo_id` int(11) NOT NULL AUTO_INCREMENT,
  `codigo` varchar(255) CHARACTER SET utf8 COLLATE utf8_spanish_ci NULL DEFAULT NULL,
  `descripcion` varchar(255) CHARACTER SET utf8 COLLATE utf8_spanish_ci NULL DEFAULT NULL,
  `usu_creacion` int(11) NULL DEFAULT NULL COMMENT 'Usuario que creo el registro dentro la tabla:persona',
  `usu_modificacion` int(11) NULL DEFAULT NULL COMMENT 'Usuario que modifico el registro dentro la tabla:persona',
  `usu_eliminacion` int(11) NULL DEFAULT NULL COMMENT 'Usuario que elimino el registro dentro la tabla:persona',
  `fecha_create` datetime(0) NOT NULL COMMENT 'Fecha que se creo el registro dentro la tabla:persona',
  `fec_modificacion` datetime(0) NULL DEFAULT NULL COMMENT 'Fecha que se modifico el registro dentro la tabla:persona',
  `costo` int(255) NULL DEFAULT NULL,
  `auxiliar_id` int(10) NOT NULL,
  `grupo_id` int(11) NOT NULL,
  `fecha_incorporacion` date NOT NULL COMMENT 'Fecha que se compro\r\n',
  `observaciones` varchar(255) CHARACTER SET utf8 COLLATE utf8_spanish_ci NULL DEFAULT NULL,
  `estado` int(11) NOT NULL COMMENT 'Estado del registro dentro la tabla:persona',
  `activo` int(11) NOT NULL DEFAULT 1 COMMENT 'Estado del registro dentro la tabla:persona',
  PRIMARY KEY (`activo_id`) USING BTREE
) ENGINE = InnoDB AUTO_INCREMENT = 10 CHARACTER SET = utf8 COLLATE = utf8_spanish_ci ROW_FORMAT = Compact;

-- ----------------------------
-- Records of activos
-- ----------------------------
INSERT INTO `activos` VALUES (7, 'RYNV-228-9-00001', 'compra de portatil marca dell model dell mp450', NULL, NULL, NULL, '2019-04-19 15:14:37', NULL, 120, 228, 9, '2019-04-14', 'en estado nuevo', 1, 2);
INSERT INTO `activos` VALUES (8, 'RYNV-843-15-00001', 'servidor', NULL, NULL, NULL, '2019-04-19 21:12:00', NULL, 120, 843, 15, '2019-04-19', 'en estado nuevo', 1, 1);
INSERT INTO `activos` VALUES (9, 'RYNV-398-2-00001', 'mueble de oficina', NULL, NULL, NULL, '2019-04-19 21:16:06', NULL, 120, 398, 2, '2019-04-05', 'en estado nuevo', 1, 1);

-- ----------------------------
-- Table structure for asignacion
-- ----------------------------
DROP TABLE IF EXISTS `asignacion`;
CREATE TABLE `asignacion`  (
  `asignacion_id` int(11) NOT NULL AUTO_INCREMENT,
  `activo_id` int(11) NOT NULL,
  `empleado_id` int(11) NULL DEFAULT NULL,
  `fecha_asign` date NULL DEFAULT NULL,
  `activo` int(11) NOT NULL DEFAULT 1 COMMENT 'Estado del registro dentro la tabla:persona',
  PRIMARY KEY (`asignacion_id`) USING BTREE
) ENGINE = InnoDB AUTO_INCREMENT = 4 CHARACTER SET = utf8mb4 COLLATE = utf8mb4_bin ROW_FORMAT = Compact;

-- ----------------------------
-- Records of asignacion
-- ----------------------------
INSERT INTO `asignacion` VALUES (2, 7, 33, '2019-04-19', 1);
INSERT INTO `asignacion` VALUES (3, 9, 45, '2019-04-19', 0);

-- ----------------------------
-- Table structure for auxiliar
-- ----------------------------
DROP TABLE IF EXISTS `auxiliar`;
CREATE TABLE `auxiliar`  (
  `auxiliar_id` int(10) NOT NULL AUTO_INCREMENT,
  `nombre` varchar(255) CHARACTER SET utf8mb4 COLLATE utf8mb4_bin NULL DEFAULT NULL,
  `grupo_id` int(11) NULL DEFAULT NULL,
  `activo` int(11) NOT NULL DEFAULT 1 COMMENT 'Estado del registro dentro la tabla:persona',
  `usu_creacion` int(11) NULL DEFAULT NULL COMMENT 'Usuario que creo el registro dentro la tabla:persona',
  `usu_modificacion` int(11) NULL DEFAULT NULL COMMENT 'Usuario que modifico el registro dentro la tabla:persona',
  `usu_eliminacion` int(11) NULL DEFAULT NULL COMMENT 'Usuario que elimino el registro dentro la tabla:persona',
  `fecha_create` datetime(0) NOT NULL COMMENT 'Fecha que se creo el registro dentro la tabla:persona',
  `fec_modificacion` datetime(0) NULL DEFAULT NULL COMMENT 'Fecha que se modifico el registro dentro la tabla:persona',
  `fec_eliminacion` datetime(0) NULL DEFAULT NULL COMMENT 'fecha que se elimino el registro dentro la tabla:persona',
  PRIMARY KEY (`auxiliar_id`) USING BTREE
) ENGINE = InnoDB AUTO_INCREMENT = 1001 CHARACTER SET = utf8 COLLATE = utf8_spanish_ci ROW_FORMAT = Compact;

-- ----------------------------
-- Records of auxiliar
-- ----------------------------
INSERT INTO `auxiliar` VALUES (1, 'Presidente', 2, 1, NULL, NULL, NULL, '2019-04-19 13:50:25', NULL, NULL);
INSERT INTO `auxiliar` VALUES (2, 'VITRINA', 2, 0, NULL, NULL, NULL, '0000-00-00 00:00:00', NULL, NULL);
INSERT INTO `auxiliar` VALUES (3, 'MESA', 2, 1, NULL, NULL, NULL, '0000-00-00 00:00:00', NULL, NULL);
INSERT INTO `auxiliar` VALUES (4, 'MAQUINA DE ESCRIBIR', 2, 1, NULL, NULL, NULL, '0000-00-00 00:00:00', NULL, NULL);
INSERT INTO `auxiliar` VALUES (5, 'TELEVISOR', 5, 1, NULL, NULL, NULL, '0000-00-00 00:00:00', NULL, NULL);
INSERT INTO `auxiliar` VALUES (6, 'DVD', 5, 1, NULL, NULL, NULL, '0000-00-00 00:00:00', NULL, NULL);
INSERT INTO `auxiliar` VALUES (7, 'VHS', 5, 1, NULL, NULL, NULL, '0000-00-00 00:00:00', NULL, NULL);
INSERT INTO `auxiliar` VALUES (8, 'INVERSOR', 24, 1, NULL, NULL, NULL, '0000-00-00 00:00:00', NULL, NULL);
INSERT INTO `auxiliar` VALUES (9, 'PLAQUETA', 24, 1, NULL, NULL, NULL, '0000-00-00 00:00:00', NULL, NULL);
INSERT INTO `auxiliar` VALUES (10, 'PANEL SOLAR', 24, 1, NULL, NULL, NULL, '0000-00-00 00:00:00', NULL, NULL);
INSERT INTO `auxiliar` VALUES (11, 'RADIO', 5, 1, NULL, NULL, NULL, '0000-00-00 00:00:00', NULL, NULL);
INSERT INTO `auxiliar` VALUES (12, 'TABURETE', 2, 1, NULL, NULL, NULL, '0000-00-00 00:00:00', NULL, NULL);
INSERT INTO `auxiliar` VALUES (13, 'SILLA ESPECIAL', 6, 1, NULL, NULL, NULL, '0000-00-00 00:00:00', NULL, NULL);
INSERT INTO `auxiliar` VALUES (14, 'MESA ESPECIAL', 6, 1, NULL, NULL, NULL, '0000-00-00 00:00:00', NULL, NULL);
INSERT INTO `auxiliar` VALUES (15, 'PIZARRA', 6, 1, NULL, NULL, NULL, '0000-00-00 00:00:00', NULL, NULL);
INSERT INTO `auxiliar` VALUES (16, 'SILLA', 2, 1, NULL, NULL, NULL, '0000-00-00 00:00:00', NULL, NULL);
INSERT INTO `auxiliar` VALUES (17, 'GABETERO', 2, 1, NULL, NULL, NULL, '0000-00-00 00:00:00', NULL, NULL);
INSERT INTO `auxiliar` VALUES (18, 'PUPITRE', 6, 1, NULL, NULL, NULL, '0000-00-00 00:00:00', NULL, NULL);
INSERT INTO `auxiliar` VALUES (19, 'ESCRITORIO', 2, 1, NULL, NULL, NULL, '0000-00-00 00:00:00', NULL, NULL);
INSERT INTO `auxiliar` VALUES (20, 'BANQUETA', 2, 1, NULL, NULL, NULL, '0000-00-00 00:00:00', NULL, NULL);
INSERT INTO `auxiliar` VALUES (21, 'EDIFICIO', 1, 1, NULL, NULL, NULL, '0000-00-00 00:00:00', NULL, NULL);
INSERT INTO `auxiliar` VALUES (22, 'TERRENO', 34, 1, NULL, NULL, NULL, '0000-00-00 00:00:00', NULL, NULL);
INSERT INTO `auxiliar` VALUES (23, 'VITRINA', 2, 1, NULL, NULL, NULL, '0000-00-00 00:00:00', NULL, NULL);
INSERT INTO `auxiliar` VALUES (24, 'ESCRITORIO', 2, 1, NULL, NULL, NULL, '0000-00-00 00:00:00', NULL, NULL);
INSERT INTO `auxiliar` VALUES (25, 'MESA', 2, 1, NULL, NULL, NULL, '0000-00-00 00:00:00', NULL, NULL);
INSERT INTO `auxiliar` VALUES (26, 'MAQUINA DE ESCRIBIR', 2, 1, NULL, NULL, NULL, '0000-00-00 00:00:00', NULL, NULL);
INSERT INTO `auxiliar` VALUES (27, 'RADIO', 5, 1, NULL, NULL, NULL, '0000-00-00 00:00:00', NULL, NULL);
INSERT INTO `auxiliar` VALUES (28, 'SILLA ESPECIAL', 6, 1, NULL, NULL, NULL, '0000-00-00 00:00:00', NULL, NULL);
INSERT INTO `auxiliar` VALUES (29, 'MESA ESPECIAL', 6, 1, NULL, NULL, NULL, '0000-00-00 00:00:00', NULL, NULL);
INSERT INTO `auxiliar` VALUES (30, 'PIZARRA', 6, 1, NULL, NULL, NULL, '0000-00-00 00:00:00', NULL, NULL);
INSERT INTO `auxiliar` VALUES (31, 'SILLA', 2, 1, NULL, NULL, NULL, '0000-00-00 00:00:00', NULL, NULL);
INSERT INTO `auxiliar` VALUES (32, 'ESTANTE', 2, 1, NULL, NULL, NULL, '0000-00-00 00:00:00', NULL, NULL);
INSERT INTO `auxiliar` VALUES (33, 'VHS', 5, 1, NULL, NULL, NULL, '0000-00-00 00:00:00', NULL, NULL);
INSERT INTO `auxiliar` VALUES (34, 'TELEVISOR', 5, 1, NULL, NULL, NULL, '0000-00-00 00:00:00', NULL, NULL);
INSERT INTO `auxiliar` VALUES (35, 'DVD', 5, 1, NULL, NULL, NULL, '0000-00-00 00:00:00', NULL, NULL);
INSERT INTO `auxiliar` VALUES (36, 'INVERSOR', 24, 1, NULL, NULL, NULL, '0000-00-00 00:00:00', NULL, NULL);
INSERT INTO `auxiliar` VALUES (37, 'REGULADOR', 24, 1, NULL, NULL, NULL, '0000-00-00 00:00:00', NULL, NULL);
INSERT INTO `auxiliar` VALUES (38, 'PANEL SOLAR', 24, 1, NULL, NULL, NULL, '0000-00-00 00:00:00', NULL, NULL);
INSERT INTO `auxiliar` VALUES (39, 'EDIFICIO', 1, 1, NULL, NULL, NULL, '0000-00-00 00:00:00', NULL, NULL);
INSERT INTO `auxiliar` VALUES (40, 'TERRENO', 34, 1, NULL, NULL, NULL, '0000-00-00 00:00:00', NULL, NULL);
INSERT INTO `auxiliar` VALUES (41, 'MESA ESPECIAL', 6, 1, NULL, NULL, NULL, '0000-00-00 00:00:00', NULL, NULL);
INSERT INTO `auxiliar` VALUES (42, 'SILLA ESPECIAL', 6, 1, NULL, NULL, NULL, '0000-00-00 00:00:00', NULL, NULL);
INSERT INTO `auxiliar` VALUES (43, 'PIZARRA', 6, 1, NULL, NULL, NULL, '0000-00-00 00:00:00', NULL, NULL);
INSERT INTO `auxiliar` VALUES (44, 'GLOBO TERRAQUEO', 6, 1, NULL, NULL, NULL, '0000-00-00 00:00:00', NULL, NULL);
INSERT INTO `auxiliar` VALUES (45, 'ESTANTE', 2, 1, NULL, NULL, NULL, '0000-00-00 00:00:00', NULL, NULL);
INSERT INTO `auxiliar` VALUES (46, 'MESA', 2, 1, NULL, NULL, NULL, '0000-00-00 00:00:00', NULL, NULL);
INSERT INTO `auxiliar` VALUES (47, 'SILLA', 2, 1, NULL, NULL, NULL, '0000-00-00 00:00:00', NULL, NULL);
INSERT INTO `auxiliar` VALUES (48, 'TABURETE', 2, 1, NULL, NULL, NULL, '0000-00-00 00:00:00', NULL, NULL);
INSERT INTO `auxiliar` VALUES (49, 'MAQUINA DE ESCRIBIR', 2, 1, NULL, NULL, NULL, '0000-00-00 00:00:00', NULL, NULL);
INSERT INTO `auxiliar` VALUES (50, 'ESCRITORIO', 2, 1, NULL, NULL, NULL, '0000-00-00 00:00:00', NULL, NULL);
INSERT INTO `auxiliar` VALUES (51, 'CATRE', 20, 1, NULL, NULL, NULL, '0000-00-00 00:00:00', NULL, NULL);
INSERT INTO `auxiliar` VALUES (52, 'GABETERO', 2, 1, NULL, NULL, NULL, '0000-00-00 00:00:00', NULL, NULL);
INSERT INTO `auxiliar` VALUES (53, 'VITRINA', 2, 1, NULL, NULL, NULL, '0000-00-00 00:00:00', NULL, NULL);
INSERT INTO `auxiliar` VALUES (54, 'TELEVISOR', 5, 1, NULL, NULL, NULL, '0000-00-00 00:00:00', NULL, NULL);
INSERT INTO `auxiliar` VALUES (55, 'VHS', 5, 1, NULL, NULL, NULL, '0000-00-00 00:00:00', NULL, NULL);
INSERT INTO `auxiliar` VALUES (56, '', 6, 1, NULL, NULL, NULL, '0000-00-00 00:00:00', NULL, NULL);
INSERT INTO `auxiliar` VALUES (57, 'EDIFICIO', 1, 1, NULL, NULL, NULL, '0000-00-00 00:00:00', NULL, NULL);
INSERT INTO `auxiliar` VALUES (58, 'TERRENO', 34, 1, NULL, NULL, NULL, '0000-00-00 00:00:00', NULL, NULL);
INSERT INTO `auxiliar` VALUES (59, 'SILLA', 2, 1, NULL, NULL, NULL, '0000-00-00 00:00:00', NULL, NULL);
INSERT INTO `auxiliar` VALUES (60, 'GABETERO', 2, 1, NULL, NULL, NULL, '0000-00-00 00:00:00', NULL, NULL);
INSERT INTO `auxiliar` VALUES (61, 'ESTANTE', 2, 1, NULL, NULL, NULL, '0000-00-00 00:00:00', NULL, NULL);
INSERT INTO `auxiliar` VALUES (62, 'SILLA ESPECIAL', 6, 1, NULL, NULL, NULL, '0000-00-00 00:00:00', NULL, NULL);
INSERT INTO `auxiliar` VALUES (63, 'MESA ESPECIAL', 6, 1, NULL, NULL, NULL, '0000-00-00 00:00:00', NULL, NULL);
INSERT INTO `auxiliar` VALUES (64, 'PIZARRA', 6, 1, NULL, NULL, NULL, '0000-00-00 00:00:00', NULL, NULL);
INSERT INTO `auxiliar` VALUES (65, 'VITRINA', 2, 1, NULL, NULL, NULL, '0000-00-00 00:00:00', NULL, NULL);
INSERT INTO `auxiliar` VALUES (66, 'TELEVISOR', 5, 1, NULL, NULL, NULL, '0000-00-00 00:00:00', NULL, NULL);
INSERT INTO `auxiliar` VALUES (67, 'DVD', 5, 1, NULL, NULL, NULL, '0000-00-00 00:00:00', NULL, NULL);
INSERT INTO `auxiliar` VALUES (68, 'VHS', 5, 1, NULL, NULL, NULL, '0000-00-00 00:00:00', NULL, NULL);
INSERT INTO `auxiliar` VALUES (69, 'PUPITRE', 6, 1, NULL, NULL, NULL, '0000-00-00 00:00:00', NULL, NULL);
INSERT INTO `auxiliar` VALUES (70, 'MESA', 2, 1, NULL, NULL, NULL, '0000-00-00 00:00:00', NULL, NULL);
INSERT INTO `auxiliar` VALUES (71, 'RADIO', 5, 1, NULL, NULL, NULL, '0000-00-00 00:00:00', NULL, NULL);
INSERT INTO `auxiliar` VALUES (72, 'FUMIGADORA', 13, 1, NULL, NULL, NULL, '0000-00-00 00:00:00', NULL, NULL);
INSERT INTO `auxiliar` VALUES (73, 'BANQUETA', 2, 1, NULL, NULL, NULL, '0000-00-00 00:00:00', NULL, NULL);
INSERT INTO `auxiliar` VALUES (74, 'MAQUINA DE ESCRIBIR', 2, 1, NULL, NULL, NULL, '0000-00-00 00:00:00', NULL, NULL);
INSERT INTO `auxiliar` VALUES (75, 'ESTANDARTE', 36, 1, NULL, NULL, NULL, '0000-00-00 00:00:00', NULL, NULL);
INSERT INTO `auxiliar` VALUES (76, 'BALANZA', 13, 1, NULL, NULL, NULL, '0000-00-00 00:00:00', NULL, NULL);
INSERT INTO `auxiliar` VALUES (77, 'EDIFICIO', 1, 1, NULL, NULL, NULL, '0000-00-00 00:00:00', NULL, NULL);
INSERT INTO `auxiliar` VALUES (78, 'TERRENO', 34, 1, NULL, NULL, NULL, '0000-00-00 00:00:00', NULL, NULL);
INSERT INTO `auxiliar` VALUES (79, 'SILLA ESPECIAL', 6, 1, NULL, NULL, NULL, '0000-00-00 00:00:00', NULL, NULL);
INSERT INTO `auxiliar` VALUES (80, 'MESA ESPECIAL', 6, 1, NULL, NULL, NULL, '0000-00-00 00:00:00', NULL, NULL);
INSERT INTO `auxiliar` VALUES (81, 'PIZARRA', 6, 1, NULL, NULL, NULL, '0000-00-00 00:00:00', NULL, NULL);
INSERT INTO `auxiliar` VALUES (82, 'MESA ESPECIAL', 6, 1, NULL, NULL, NULL, '0000-00-00 00:00:00', NULL, NULL);
INSERT INTO `auxiliar` VALUES (83, 'SILLA', 6, 1, NULL, NULL, NULL, '0000-00-00 00:00:00', NULL, NULL);
INSERT INTO `auxiliar` VALUES (84, 'MESA', 3, 1, NULL, NULL, NULL, '0000-00-00 00:00:00', NULL, NULL);
INSERT INTO `auxiliar` VALUES (85, 'GABETERO', 3, 1, NULL, NULL, NULL, '0000-00-00 00:00:00', NULL, NULL);
INSERT INTO `auxiliar` VALUES (86, 'ESCRITORIO', 3, 1, NULL, NULL, NULL, '0000-00-00 00:00:00', NULL, NULL);
INSERT INTO `auxiliar` VALUES (87, 'MESA', 2, 1, NULL, NULL, NULL, '0000-00-00 00:00:00', NULL, NULL);
INSERT INTO `auxiliar` VALUES (88, 'GABETERO', 2, 1, NULL, NULL, NULL, '0000-00-00 00:00:00', NULL, NULL);
INSERT INTO `auxiliar` VALUES (89, 'ESCRITORIO', 2, 1, NULL, NULL, NULL, '0000-00-00 00:00:00', NULL, NULL);
INSERT INTO `auxiliar` VALUES (90, 'ESCRITORIO', 2, 1, NULL, NULL, NULL, '0000-00-00 00:00:00', NULL, NULL);
INSERT INTO `auxiliar` VALUES (91, 'PIZARRA', 6, 1, NULL, NULL, NULL, '0000-00-00 00:00:00', NULL, NULL);
INSERT INTO `auxiliar` VALUES (92, 'TELEVISOR', 5, 1, NULL, NULL, NULL, '0000-00-00 00:00:00', NULL, NULL);
INSERT INTO `auxiliar` VALUES (93, 'DVD', 5, 1, NULL, NULL, NULL, '0000-00-00 00:00:00', NULL, NULL);
INSERT INTO `auxiliar` VALUES (94, 'VHS', 5, 1, NULL, NULL, NULL, '0000-00-00 00:00:00', NULL, NULL);
INSERT INTO `auxiliar` VALUES (95, 'RADIO', 5, 1, NULL, NULL, NULL, '0000-00-00 00:00:00', NULL, NULL);
INSERT INTO `auxiliar` VALUES (96, 'INVERSOR', 24, 1, NULL, NULL, NULL, '0000-00-00 00:00:00', NULL, NULL);
INSERT INTO `auxiliar` VALUES (97, 'PLAQUETA', 24, 1, NULL, NULL, NULL, '0000-00-00 00:00:00', NULL, NULL);
INSERT INTO `auxiliar` VALUES (98, 'PANEL SOLAR', 24, 1, NULL, NULL, NULL, '0000-00-00 00:00:00', NULL, NULL);
INSERT INTO `auxiliar` VALUES (99, 'SILLA ESPECIAL', 6, 1, NULL, NULL, NULL, '0000-00-00 00:00:00', NULL, NULL);
INSERT INTO `auxiliar` VALUES (100, 'MAQUINA DE ESCRIBIR', 2, 1, NULL, NULL, NULL, '0000-00-00 00:00:00', NULL, NULL);
INSERT INTO `auxiliar` VALUES (101, 'ESTANTE', 2, 1, NULL, NULL, NULL, '0000-00-00 00:00:00', NULL, NULL);
INSERT INTO `auxiliar` VALUES (102, 'SILLA', 2, 1, NULL, NULL, NULL, '0000-00-00 00:00:00', NULL, NULL);
INSERT INTO `auxiliar` VALUES (103, 'TABURETE', 2, 1, NULL, NULL, NULL, '0000-00-00 00:00:00', NULL, NULL);
INSERT INTO `auxiliar` VALUES (104, 'BANQUETA', 2, 1, NULL, NULL, NULL, '0000-00-00 00:00:00', NULL, NULL);
INSERT INTO `auxiliar` VALUES (105, 'EDIFICIO', 1, 1, NULL, NULL, NULL, '0000-00-00 00:00:00', NULL, NULL);
INSERT INTO `auxiliar` VALUES (106, 'TERRENO', 34, 1, NULL, NULL, NULL, '0000-00-00 00:00:00', NULL, NULL);
INSERT INTO `auxiliar` VALUES (107, 'MESA', 2, 1, NULL, NULL, NULL, '0000-00-00 00:00:00', NULL, NULL);
INSERT INTO `auxiliar` VALUES (108, 'TABURETE', 2, 1, NULL, NULL, NULL, '0000-00-00 00:00:00', NULL, NULL);
INSERT INTO `auxiliar` VALUES (109, 'ESTANTE', 2, 1, NULL, NULL, NULL, '0000-00-00 00:00:00', NULL, NULL);
INSERT INTO `auxiliar` VALUES (110, 'SILLA ESPECIAL', 6, 1, NULL, NULL, NULL, '0000-00-00 00:00:00', NULL, NULL);
INSERT INTO `auxiliar` VALUES (111, 'MESA ESPECIAL', 6, 1, NULL, NULL, NULL, '0000-00-00 00:00:00', NULL, NULL);
INSERT INTO `auxiliar` VALUES (112, 'PIZARRA', 6, 1, NULL, NULL, NULL, '0000-00-00 00:00:00', NULL, NULL);
INSERT INTO `auxiliar` VALUES (113, 'CASILLERO', 2, 1, NULL, NULL, NULL, '0000-00-00 00:00:00', NULL, NULL);
INSERT INTO `auxiliar` VALUES (114, 'GABETERO', 2, 1, NULL, NULL, NULL, '0000-00-00 00:00:00', NULL, NULL);
INSERT INTO `auxiliar` VALUES (115, 'BANQUETA', 2, 1, NULL, NULL, NULL, '0000-00-00 00:00:00', NULL, NULL);
INSERT INTO `auxiliar` VALUES (116, 'TELEVISOR', 5, 1, NULL, NULL, NULL, '0000-00-00 00:00:00', NULL, NULL);
INSERT INTO `auxiliar` VALUES (117, 'DVD', 5, 1, NULL, NULL, NULL, '0000-00-00 00:00:00', NULL, NULL);
INSERT INTO `auxiliar` VALUES (118, 'INVERSOR', 24, 1, NULL, NULL, NULL, '0000-00-00 00:00:00', NULL, NULL);
INSERT INTO `auxiliar` VALUES (119, 'PLAQUETA', 24, 1, NULL, NULL, NULL, '0000-00-00 00:00:00', NULL, NULL);
INSERT INTO `auxiliar` VALUES (120, 'PANEL SOLAR', 24, 1, NULL, NULL, NULL, '0000-00-00 00:00:00', NULL, NULL);
INSERT INTO `auxiliar` VALUES (121, 'BALANZA', 13, 1, NULL, NULL, NULL, '0000-00-00 00:00:00', NULL, NULL);
INSERT INTO `auxiliar` VALUES (122, 'CATRE', 20, 1, NULL, NULL, NULL, '0000-00-00 00:00:00', NULL, NULL);
INSERT INTO `auxiliar` VALUES (123, 'SILLA', 2, 1, NULL, NULL, NULL, '0000-00-00 00:00:00', NULL, NULL);
INSERT INTO `auxiliar` VALUES (124, 'ESCRITORIO', 2, 1, NULL, NULL, NULL, '0000-00-00 00:00:00', NULL, NULL);
INSERT INTO `auxiliar` VALUES (125, 'MAQUINA DE ESCRIBIR', 2, 1, NULL, NULL, NULL, '0000-00-00 00:00:00', NULL, NULL);
INSERT INTO `auxiliar` VALUES (126, 'RADIO', 5, 1, NULL, NULL, NULL, '0000-00-00 00:00:00', NULL, NULL);
INSERT INTO `auxiliar` VALUES (127, 'EDIFICIO', 1, 1, NULL, NULL, NULL, '0000-00-00 00:00:00', NULL, NULL);
INSERT INTO `auxiliar` VALUES (128, 'TERRENO', 34, 1, NULL, NULL, NULL, '0000-00-00 00:00:00', NULL, NULL);
INSERT INTO `auxiliar` VALUES (129, 'SILLA ESPECIAL', 2, 1, NULL, NULL, NULL, '0000-00-00 00:00:00', NULL, NULL);
INSERT INTO `auxiliar` VALUES (130, 'MESA ESPECIAL', 2, 1, NULL, NULL, NULL, '0000-00-00 00:00:00', NULL, NULL);
INSERT INTO `auxiliar` VALUES (131, 'PIZARRA', 2, 1, NULL, NULL, NULL, '0000-00-00 00:00:00', NULL, NULL);
INSERT INTO `auxiliar` VALUES (132, 'ESTANTE', 2, 1, NULL, NULL, NULL, '0000-00-00 00:00:00', NULL, NULL);
INSERT INTO `auxiliar` VALUES (133, 'MESA', 2, 1, NULL, NULL, NULL, '0000-00-00 00:00:00', NULL, NULL);
INSERT INTO `auxiliar` VALUES (134, 'SILLA ESPECIAL', 6, 1, NULL, NULL, NULL, '0000-00-00 00:00:00', NULL, NULL);
INSERT INTO `auxiliar` VALUES (135, 'MESA ESPECIAL', 6, 1, NULL, NULL, NULL, '0000-00-00 00:00:00', NULL, NULL);
INSERT INTO `auxiliar` VALUES (136, 'PIZARRA', 6, 1, NULL, NULL, NULL, '0000-00-00 00:00:00', NULL, NULL);
INSERT INTO `auxiliar` VALUES (137, 'ESTANTE', 6, 1, NULL, NULL, NULL, '0000-00-00 00:00:00', NULL, NULL);
INSERT INTO `auxiliar` VALUES (138, 'MESA', 6, 1, NULL, NULL, NULL, '0000-00-00 00:00:00', NULL, NULL);
INSERT INTO `auxiliar` VALUES (139, 'GABETERO', 2, 1, NULL, NULL, NULL, '0000-00-00 00:00:00', NULL, NULL);
INSERT INTO `auxiliar` VALUES (140, 'TELEVISOR', 5, 1, NULL, NULL, NULL, '0000-00-00 00:00:00', NULL, NULL);
INSERT INTO `auxiliar` VALUES (141, 'VHS', 5, 1, NULL, NULL, NULL, '0000-00-00 00:00:00', NULL, NULL);
INSERT INTO `auxiliar` VALUES (142, 'INVERSOR', 24, 1, NULL, NULL, NULL, '0000-00-00 00:00:00', NULL, NULL);
INSERT INTO `auxiliar` VALUES (143, 'PLAQUETA', 24, 1, NULL, NULL, NULL, '0000-00-00 00:00:00', NULL, NULL);
INSERT INTO `auxiliar` VALUES (144, 'PANEL SOLAR', 24, 1, NULL, NULL, NULL, '0000-00-00 00:00:00', NULL, NULL);
INSERT INTO `auxiliar` VALUES (145, 'BANQUETA', 2, 1, NULL, NULL, NULL, '0000-00-00 00:00:00', NULL, NULL);
INSERT INTO `auxiliar` VALUES (146, 'ESTANDARTE', 36, 1, NULL, NULL, NULL, '0000-00-00 00:00:00', NULL, NULL);
INSERT INTO `auxiliar` VALUES (147, 'SILLA', 2, 1, NULL, NULL, NULL, '0000-00-00 00:00:00', NULL, NULL);
INSERT INTO `auxiliar` VALUES (148, 'ESCRITORIO', 2, 1, NULL, NULL, NULL, '0000-00-00 00:00:00', NULL, NULL);
INSERT INTO `auxiliar` VALUES (149, 'MAQUINA DE ESCRIBIR', 2, 1, NULL, NULL, NULL, '0000-00-00 00:00:00', NULL, NULL);
INSERT INTO `auxiliar` VALUES (150, 'CATRE', 20, 1, NULL, NULL, NULL, '0000-00-00 00:00:00', NULL, NULL);
INSERT INTO `auxiliar` VALUES (151, 'EDIFICIO', 1, 1, NULL, NULL, NULL, '0000-00-00 00:00:00', NULL, NULL);
INSERT INTO `auxiliar` VALUES (152, 'TERRENO', 34, 1, NULL, NULL, NULL, '0000-00-00 00:00:00', NULL, NULL);
INSERT INTO `auxiliar` VALUES (153, 'SILLA ESPECIAL', 6, 1, NULL, NULL, NULL, '0000-00-00 00:00:00', NULL, NULL);
INSERT INTO `auxiliar` VALUES (154, 'MESA ESPECIAL', 6, 1, NULL, NULL, NULL, '0000-00-00 00:00:00', NULL, NULL);
INSERT INTO `auxiliar` VALUES (155, 'PIZARRA', 6, 1, NULL, NULL, NULL, '0000-00-00 00:00:00', NULL, NULL);
INSERT INTO `auxiliar` VALUES (156, 'MESA', 2, 1, NULL, NULL, NULL, '0000-00-00 00:00:00', NULL, NULL);
INSERT INTO `auxiliar` VALUES (157, 'ESTANTE', 2, 1, NULL, NULL, NULL, '0000-00-00 00:00:00', NULL, NULL);
INSERT INTO `auxiliar` VALUES (158, 'CONVERSOR', 24, 1, NULL, NULL, NULL, '0000-00-00 00:00:00', NULL, NULL);
INSERT INTO `auxiliar` VALUES (159, 'PLAQUETA', 24, 1, NULL, NULL, NULL, '0000-00-00 00:00:00', NULL, NULL);
INSERT INTO `auxiliar` VALUES (160, 'PANEL SOLAR', 24, 1, NULL, NULL, NULL, '0000-00-00 00:00:00', NULL, NULL);
INSERT INTO `auxiliar` VALUES (161, 'PUPITRE', 6, 1, NULL, NULL, NULL, '0000-00-00 00:00:00', NULL, NULL);
INSERT INTO `auxiliar` VALUES (162, 'ESCRITORIO', 2, 1, NULL, NULL, NULL, '0000-00-00 00:00:00', NULL, NULL);
INSERT INTO `auxiliar` VALUES (163, 'SILLA', 2, 1, NULL, NULL, NULL, '0000-00-00 00:00:00', NULL, NULL);
INSERT INTO `auxiliar` VALUES (164, 'TABURETE', 2, 1, NULL, NULL, NULL, '0000-00-00 00:00:00', NULL, NULL);
INSERT INTO `auxiliar` VALUES (165, 'TELEVISOR', 5, 1, NULL, NULL, NULL, '0000-00-00 00:00:00', NULL, NULL);
INSERT INTO `auxiliar` VALUES (166, 'DVD', 5, 1, NULL, NULL, NULL, '0000-00-00 00:00:00', NULL, NULL);
INSERT INTO `auxiliar` VALUES (167, 'RADIO', 5, 1, NULL, NULL, NULL, '0000-00-00 00:00:00', NULL, NULL);
INSERT INTO `auxiliar` VALUES (168, 'MAQUINA DE ESCRIBIR', 2, 1, NULL, NULL, NULL, '0000-00-00 00:00:00', NULL, NULL);
INSERT INTO `auxiliar` VALUES (169, 'ESTANDARTE', 36, 1, NULL, NULL, NULL, '0000-00-00 00:00:00', NULL, NULL);
INSERT INTO `auxiliar` VALUES (170, 'GABETERO', 2, 1, NULL, NULL, NULL, '0000-00-00 00:00:00', NULL, NULL);
INSERT INTO `auxiliar` VALUES (171, 'CATRE', 20, 1, NULL, NULL, NULL, '0000-00-00 00:00:00', NULL, NULL);
INSERT INTO `auxiliar` VALUES (172, 'BANQUETA', 2, 1, NULL, NULL, NULL, '0000-00-00 00:00:00', NULL, NULL);
INSERT INTO `auxiliar` VALUES (173, 'FUMIGADORA', 3, 1, NULL, NULL, NULL, '0000-00-00 00:00:00', NULL, NULL);
INSERT INTO `auxiliar` VALUES (174, 'FUMIGADORA', 13, 1, NULL, NULL, NULL, '0000-00-00 00:00:00', NULL, NULL);
INSERT INTO `auxiliar` VALUES (175, 'EDIFICIO', 1, 1, NULL, NULL, NULL, '0000-00-00 00:00:00', NULL, NULL);
INSERT INTO `auxiliar` VALUES (176, 'TERRENO', 34, 1, NULL, NULL, NULL, '0000-00-00 00:00:00', NULL, NULL);
INSERT INTO `auxiliar` VALUES (177, 'SILLA ESPECIAL', 6, 1, NULL, NULL, NULL, '0000-00-00 00:00:00', NULL, NULL);
INSERT INTO `auxiliar` VALUES (178, 'MESA ESPECIAL', 6, 1, NULL, NULL, NULL, '0000-00-00 00:00:00', NULL, NULL);
INSERT INTO `auxiliar` VALUES (179, 'PIZARRA', 6, 1, NULL, NULL, NULL, '0000-00-00 00:00:00', NULL, NULL);
INSERT INTO `auxiliar` VALUES (180, 'VHS', 5, 1, NULL, NULL, NULL, '0000-00-00 00:00:00', NULL, NULL);
INSERT INTO `auxiliar` VALUES (181, 'TELEVISOR', 5, 1, NULL, NULL, NULL, '0000-00-00 00:00:00', NULL, NULL);
INSERT INTO `auxiliar` VALUES (182, 'DVD', 5, 1, NULL, NULL, NULL, '0000-00-00 00:00:00', NULL, NULL);
INSERT INTO `auxiliar` VALUES (183, 'INVERSOR', 24, 1, NULL, NULL, NULL, '0000-00-00 00:00:00', NULL, NULL);
INSERT INTO `auxiliar` VALUES (184, 'PLAQUETA', 24, 1, NULL, NULL, NULL, '0000-00-00 00:00:00', NULL, NULL);
INSERT INTO `auxiliar` VALUES (185, 'PANEL SOLAR', 24, 1, NULL, NULL, NULL, '0000-00-00 00:00:00', NULL, NULL);
INSERT INTO `auxiliar` VALUES (186, 'MESA', 2, 1, NULL, NULL, NULL, '0000-00-00 00:00:00', NULL, NULL);
INSERT INTO `auxiliar` VALUES (187, 'SILLA', 2, 1, NULL, NULL, NULL, '0000-00-00 00:00:00', NULL, NULL);
INSERT INTO `auxiliar` VALUES (188, 'EDIFICIO', 1, 1, NULL, NULL, NULL, '0000-00-00 00:00:00', NULL, NULL);
INSERT INTO `auxiliar` VALUES (189, 'TERRENO', 34, 1, NULL, NULL, NULL, '0000-00-00 00:00:00', NULL, NULL);
INSERT INTO `auxiliar` VALUES (190, 'SILLA ESPECIAL', 21, 1, NULL, NULL, NULL, '0000-00-00 00:00:00', NULL, NULL);
INSERT INTO `auxiliar` VALUES (191, 'MESA ESPECIAL', 21, 1, NULL, NULL, NULL, '0000-00-00 00:00:00', NULL, NULL);
INSERT INTO `auxiliar` VALUES (192, 'PIZARRA', 21, 1, NULL, NULL, NULL, '0000-00-00 00:00:00', NULL, NULL);
INSERT INTO `auxiliar` VALUES (193, 'SILLA ESPECIAL', 6, 1, NULL, NULL, NULL, '0000-00-00 00:00:00', NULL, NULL);
INSERT INTO `auxiliar` VALUES (194, 'MESA ESPECIAL', 6, 1, NULL, NULL, NULL, '0000-00-00 00:00:00', NULL, NULL);
INSERT INTO `auxiliar` VALUES (195, 'PIZARRA', 6, 1, NULL, NULL, NULL, '0000-00-00 00:00:00', NULL, NULL);
INSERT INTO `auxiliar` VALUES (196, 'MESA', 2, 1, NULL, NULL, NULL, '0000-00-00 00:00:00', NULL, NULL);
INSERT INTO `auxiliar` VALUES (197, 'VITRINA', 2, 1, NULL, NULL, NULL, '0000-00-00 00:00:00', NULL, NULL);
INSERT INTO `auxiliar` VALUES (198, 'GABETERO', 2, 1, NULL, NULL, NULL, '0000-00-00 00:00:00', NULL, NULL);
INSERT INTO `auxiliar` VALUES (199, 'ESTANTE', 2, 1, NULL, NULL, NULL, '0000-00-00 00:00:00', NULL, NULL);
INSERT INTO `auxiliar` VALUES (200, 'TELEVISOR', 5, 1, NULL, NULL, NULL, '0000-00-00 00:00:00', NULL, NULL);
INSERT INTO `auxiliar` VALUES (201, 'DVD', 5, 1, NULL, NULL, NULL, '0000-00-00 00:00:00', NULL, NULL);
INSERT INTO `auxiliar` VALUES (202, 'VHS', 5, 1, NULL, NULL, NULL, '0000-00-00 00:00:00', NULL, NULL);
INSERT INTO `auxiliar` VALUES (203, 'MAQUINA DE ESCRIBIR', 2, 1, NULL, NULL, NULL, '0000-00-00 00:00:00', NULL, NULL);
INSERT INTO `auxiliar` VALUES (204, 'SILLA', 2, 1, NULL, NULL, NULL, '0000-00-00 00:00:00', NULL, NULL);
INSERT INTO `auxiliar` VALUES (205, 'BANQUETA', 2, 1, NULL, NULL, NULL, '0000-00-00 00:00:00', NULL, NULL);
INSERT INTO `auxiliar` VALUES (206, 'FUMIGADORA', 13, 1, NULL, NULL, NULL, '0000-00-00 00:00:00', NULL, NULL);
INSERT INTO `auxiliar` VALUES (207, 'RADIO', 5, 1, NULL, NULL, NULL, '0000-00-00 00:00:00', NULL, NULL);
INSERT INTO `auxiliar` VALUES (208, 'PANEL SOLAR', 24, 1, NULL, NULL, NULL, '0000-00-00 00:00:00', NULL, NULL);
INSERT INTO `auxiliar` VALUES (209, 'CATRE', 20, 1, NULL, NULL, NULL, '0000-00-00 00:00:00', NULL, NULL);
INSERT INTO `auxiliar` VALUES (210, 'EDIFICIO', 1, 1, NULL, NULL, NULL, '0000-00-00 00:00:00', NULL, NULL);
INSERT INTO `auxiliar` VALUES (211, 'TERRENO', 22, 1, NULL, NULL, NULL, '0000-00-00 00:00:00', NULL, NULL);
INSERT INTO `auxiliar` VALUES (212, 'TERRENO', 34, 1, NULL, NULL, NULL, '0000-00-00 00:00:00', NULL, NULL);
INSERT INTO `auxiliar` VALUES (213, 'EDIFICACION', 1, 1, NULL, NULL, NULL, '0000-00-00 00:00:00', NULL, NULL);
INSERT INTO `auxiliar` VALUES (214, 'ESCRITORIO', 2, 1, NULL, NULL, NULL, '0000-00-00 00:00:00', NULL, NULL);
INSERT INTO `auxiliar` VALUES (215, 'ESCRITORIO', 2, 1, NULL, NULL, NULL, '0000-00-00 00:00:00', NULL, NULL);
INSERT INTO `auxiliar` VALUES (216, 'GABETERO', 2, 1, NULL, NULL, NULL, '0000-00-00 00:00:00', NULL, NULL);
INSERT INTO `auxiliar` VALUES (217, 'MESA', 2, 1, NULL, NULL, NULL, '0000-00-00 00:00:00', NULL, NULL);
INSERT INTO `auxiliar` VALUES (218, 'CASILLERO', 2, 1, NULL, NULL, NULL, '0000-00-00 00:00:00', NULL, NULL);
INSERT INTO `auxiliar` VALUES (219, 'VITRINA', 2, 1, NULL, NULL, NULL, '0000-00-00 00:00:00', NULL, NULL);
INSERT INTO `auxiliar` VALUES (220, 'SILLA', 2, 1, NULL, NULL, NULL, '0000-00-00 00:00:00', NULL, NULL);
INSERT INTO `auxiliar` VALUES (221, 'FOTOCOPIADORA', 2, 1, NULL, NULL, NULL, '0000-00-00 00:00:00', NULL, NULL);
INSERT INTO `auxiliar` VALUES (222, 'MAQUINA DE ESCRIBIR', 2, 1, NULL, NULL, NULL, '0000-00-00 00:00:00', NULL, NULL);
INSERT INTO `auxiliar` VALUES (223, 'CPU', 15, 1, NULL, NULL, NULL, '0000-00-00 00:00:00', NULL, NULL);
INSERT INTO `auxiliar` VALUES (224, 'MONITOR', 15, 1, NULL, NULL, NULL, '0000-00-00 00:00:00', NULL, NULL);
INSERT INTO `auxiliar` VALUES (225, 'TRANSFORMADOR', 15, 1, NULL, NULL, NULL, '0000-00-00 00:00:00', NULL, NULL);
INSERT INTO `auxiliar` VALUES (226, 'COMPUTADORA PORTATIL', 15, 1, NULL, NULL, NULL, '0000-00-00 00:00:00', NULL, NULL);
INSERT INTO `auxiliar` VALUES (227, 'MUEBLE PARA COMPUTADORA', 2, 1, NULL, NULL, NULL, '0000-00-00 00:00:00', NULL, NULL);
INSERT INTO `auxiliar` VALUES (228, 'ANILLADORA', 2, 1, NULL, NULL, NULL, '0000-00-00 00:00:00', NULL, NULL);
INSERT INTO `auxiliar` VALUES (229, 'GILLOTINA', 2, 1, NULL, NULL, NULL, '0000-00-00 00:00:00', NULL, NULL);
INSERT INTO `auxiliar` VALUES (230, 'IMPRESORA', 15, 1, NULL, NULL, NULL, '0000-00-00 00:00:00', NULL, NULL);
INSERT INTO `auxiliar` VALUES (231, 'MESA ESPECIAL', 6, 1, NULL, NULL, NULL, '0000-00-00 00:00:00', NULL, NULL);
INSERT INTO `auxiliar` VALUES (232, 'SILLA ESPECIAL', 6, 1, NULL, NULL, NULL, '0000-00-00 00:00:00', NULL, NULL);
INSERT INTO `auxiliar` VALUES (233, 'PIZARRA', 6, 1, NULL, NULL, NULL, '0000-00-00 00:00:00', NULL, NULL);
INSERT INTO `auxiliar` VALUES (234, 'PUPITRE', 6, 1, NULL, NULL, NULL, '0000-00-00 00:00:00', NULL, NULL);
INSERT INTO `auxiliar` VALUES (235, 'BANQUETA', 2, 1, NULL, NULL, NULL, '0000-00-00 00:00:00', NULL, NULL);
INSERT INTO `auxiliar` VALUES (236, 'ESTANTE', 2, 1, NULL, NULL, NULL, '0000-00-00 00:00:00', NULL, NULL);
INSERT INTO `auxiliar` VALUES (237, 'TAMBOR', 6, 1, NULL, NULL, NULL, '0000-00-00 00:00:00', NULL, NULL);
INSERT INTO `auxiliar` VALUES (238, 'BOMBO', 6, 1, NULL, NULL, NULL, '0000-00-00 00:00:00', NULL, NULL);
INSERT INTO `auxiliar` VALUES (239, 'MUEBLE PARA TELEVISO', 2, 1, NULL, NULL, NULL, '0000-00-00 00:00:00', NULL, NULL);
INSERT INTO `auxiliar` VALUES (240, 'TELEVISOR', 5, 1, NULL, NULL, NULL, '0000-00-00 00:00:00', NULL, NULL);
INSERT INTO `auxiliar` VALUES (241, 'VHS', 5, 1, NULL, NULL, NULL, '0000-00-00 00:00:00', NULL, NULL);
INSERT INTO `auxiliar` VALUES (242, 'EQUIPO DE SONIDO', 5, 1, NULL, NULL, NULL, '0000-00-00 00:00:00', NULL, NULL);
INSERT INTO `auxiliar` VALUES (243, 'RADIO', 5, 1, NULL, NULL, NULL, '0000-00-00 00:00:00', NULL, NULL);
INSERT INTO `auxiliar` VALUES (244, 'MESCLADORA SONIDO', 5, 1, NULL, NULL, NULL, '0000-00-00 00:00:00', NULL, NULL);
INSERT INTO `auxiliar` VALUES (245, 'PARLANTE', 5, 1, NULL, NULL, NULL, '0000-00-00 00:00:00', NULL, NULL);
INSERT INTO `auxiliar` VALUES (246, 'ESTANDARTE', 36, 1, NULL, NULL, NULL, '0000-00-00 00:00:00', NULL, NULL);
INSERT INTO `auxiliar` VALUES (247, 'COCINA', 20, 1, NULL, NULL, NULL, '0000-00-00 00:00:00', NULL, NULL);
INSERT INTO `auxiliar` VALUES (248, 'FUMIGADORA', 3, 1, NULL, NULL, NULL, '0000-00-00 00:00:00', NULL, NULL);
INSERT INTO `auxiliar` VALUES (249, 'TITIRITERO', 6, 1, NULL, NULL, NULL, '0000-00-00 00:00:00', NULL, NULL);
INSERT INTO `auxiliar` VALUES (250, 'EDIFICIOS', 1, 1, NULL, NULL, NULL, '0000-00-00 00:00:00', NULL, NULL);
INSERT INTO `auxiliar` VALUES (251, 'TERRENO', 34, 1, NULL, NULL, NULL, '0000-00-00 00:00:00', NULL, NULL);
INSERT INTO `auxiliar` VALUES (252, 'MOTOCICLETA', 8, 1, NULL, NULL, NULL, '0000-00-00 00:00:00', NULL, NULL);
INSERT INTO `auxiliar` VALUES (253, 'COMPACTERA CD', 5, 1, NULL, NULL, NULL, '0000-00-00 00:00:00', NULL, NULL);
INSERT INTO `auxiliar` VALUES (254, 'PODER', 5, 1, NULL, NULL, NULL, '0000-00-00 00:00:00', NULL, NULL);
INSERT INTO `auxiliar` VALUES (255, 'SILLA ESPECIAL', 6, 1, NULL, NULL, NULL, '0000-00-00 00:00:00', NULL, NULL);
INSERT INTO `auxiliar` VALUES (256, 'MESA ESPECIAL', 6, 1, NULL, NULL, NULL, '0000-00-00 00:00:00', NULL, NULL);
INSERT INTO `auxiliar` VALUES (257, 'PIZARRA', 6, 1, NULL, NULL, NULL, '0000-00-00 00:00:00', NULL, NULL);
INSERT INTO `auxiliar` VALUES (258, 'VITRINA', 2, 1, NULL, NULL, NULL, '0000-00-00 00:00:00', NULL, NULL);
INSERT INTO `auxiliar` VALUES (259, 'TELEVISOR', 5, 1, NULL, NULL, NULL, '0000-00-00 00:00:00', NULL, NULL);
INSERT INTO `auxiliar` VALUES (260, 'DVD', 5, 1, NULL, NULL, NULL, '0000-00-00 00:00:00', NULL, NULL);
INSERT INTO `auxiliar` VALUES (261, 'INVERSOR', 24, 1, NULL, NULL, NULL, '0000-00-00 00:00:00', NULL, NULL);
INSERT INTO `auxiliar` VALUES (262, 'PLAQUETA', 24, 1, NULL, NULL, NULL, '0000-00-00 00:00:00', NULL, NULL);
INSERT INTO `auxiliar` VALUES (263, 'PANEL SOLAR', 24, 1, NULL, NULL, NULL, '0000-00-00 00:00:00', NULL, NULL);
INSERT INTO `auxiliar` VALUES (264, 'VHS', 5, 1, NULL, NULL, NULL, '0000-00-00 00:00:00', NULL, NULL);
INSERT INTO `auxiliar` VALUES (265, 'GABETERO', 2, 1, NULL, NULL, NULL, '0000-00-00 00:00:00', NULL, NULL);
INSERT INTO `auxiliar` VALUES (266, 'MESA', 2, 1, NULL, NULL, NULL, '0000-00-00 00:00:00', NULL, NULL);
INSERT INTO `auxiliar` VALUES (267, 'MAQUINA DE ESCRIBIR', 2, 1, NULL, NULL, NULL, '0000-00-00 00:00:00', NULL, NULL);
INSERT INTO `auxiliar` VALUES (268, 'RADIO', 5, 1, NULL, NULL, NULL, '0000-00-00 00:00:00', NULL, NULL);
INSERT INTO `auxiliar` VALUES (269, 'TABURETE', 2, 1, NULL, NULL, NULL, '0000-00-00 00:00:00', NULL, NULL);
INSERT INTO `auxiliar` VALUES (270, 'COCINA', 13, 1, NULL, NULL, NULL, '0000-00-00 00:00:00', NULL, NULL);
INSERT INTO `auxiliar` VALUES (271, 'CATRE', 20, 1, NULL, NULL, NULL, '0000-00-00 00:00:00', NULL, NULL);
INSERT INTO `auxiliar` VALUES (272, 'EDIFICIO', 1, 1, NULL, NULL, NULL, '0000-00-00 00:00:00', NULL, NULL);
INSERT INTO `auxiliar` VALUES (273, 'TERRENO', 34, 1, NULL, NULL, NULL, '0000-00-00 00:00:00', NULL, NULL);
INSERT INTO `auxiliar` VALUES (274, 'SILLA ESPECIAL', 6, 1, NULL, NULL, NULL, '0000-00-00 00:00:00', NULL, NULL);
INSERT INTO `auxiliar` VALUES (275, 'MESA ESPECIAL', 6, 1, NULL, NULL, NULL, '0000-00-00 00:00:00', NULL, NULL);
INSERT INTO `auxiliar` VALUES (276, 'VITRINA', 2, 1, NULL, NULL, NULL, '0000-00-00 00:00:00', NULL, NULL);
INSERT INTO `auxiliar` VALUES (277, 'TELEVISOR', 5, 1, NULL, NULL, NULL, '0000-00-00 00:00:00', NULL, NULL);
INSERT INTO `auxiliar` VALUES (278, 'VHS', 5, 1, NULL, NULL, NULL, '0000-00-00 00:00:00', NULL, NULL);
INSERT INTO `auxiliar` VALUES (279, 'INVERSOR', 24, 1, NULL, NULL, NULL, '0000-00-00 00:00:00', NULL, NULL);
INSERT INTO `auxiliar` VALUES (280, 'PLAQUETA', 24, 1, NULL, NULL, NULL, '0000-00-00 00:00:00', NULL, NULL);
INSERT INTO `auxiliar` VALUES (281, 'PANEL SOLAR', 24, 1, NULL, NULL, NULL, '0000-00-00 00:00:00', NULL, NULL);
INSERT INTO `auxiliar` VALUES (282, 'PIZARRA', 6, 1, NULL, NULL, NULL, '0000-00-00 00:00:00', NULL, NULL);
INSERT INTO `auxiliar` VALUES (283, 'SILLA', 2, 1, NULL, NULL, NULL, '0000-00-00 00:00:00', NULL, NULL);
INSERT INTO `auxiliar` VALUES (284, 'MESA', 2, 1, NULL, NULL, NULL, '0000-00-00 00:00:00', NULL, NULL);
INSERT INTO `auxiliar` VALUES (285, 'TABURETE', 2, 1, NULL, NULL, NULL, '0000-00-00 00:00:00', NULL, NULL);
INSERT INTO `auxiliar` VALUES (286, 'GABETERO', 2, 1, NULL, NULL, NULL, '0000-00-00 00:00:00', NULL, NULL);
INSERT INTO `auxiliar` VALUES (287, 'RADIO', 5, 1, NULL, NULL, NULL, '0000-00-00 00:00:00', NULL, NULL);
INSERT INTO `auxiliar` VALUES (288, 'EDIFICIO', 1, 1, NULL, NULL, NULL, '0000-00-00 00:00:00', NULL, NULL);
INSERT INTO `auxiliar` VALUES (289, 'TERRENO', 34, 1, NULL, NULL, NULL, '0000-00-00 00:00:00', NULL, NULL);
INSERT INTO `auxiliar` VALUES (290, 'MESA ESPECIAL', 6, 1, NULL, NULL, NULL, '0000-00-00 00:00:00', NULL, NULL);
INSERT INTO `auxiliar` VALUES (291, 'SILLA ESPECIAL', 6, 1, NULL, NULL, NULL, '0000-00-00 00:00:00', NULL, NULL);
INSERT INTO `auxiliar` VALUES (292, 'ESTANTE', 6, 1, NULL, NULL, NULL, '0000-00-00 00:00:00', NULL, NULL);
INSERT INTO `auxiliar` VALUES (293, 'PIZARRA', 6, 1, NULL, NULL, NULL, '0000-00-00 00:00:00', NULL, NULL);
INSERT INTO `auxiliar` VALUES (294, 'SILLA', 2, 1, NULL, NULL, NULL, '0000-00-00 00:00:00', NULL, NULL);
INSERT INTO `auxiliar` VALUES (295, 'MESA', 2, 1, NULL, NULL, NULL, '0000-00-00 00:00:00', NULL, NULL);
INSERT INTO `auxiliar` VALUES (296, 'VITRINA', 2, 1, NULL, NULL, NULL, '0000-00-00 00:00:00', NULL, NULL);
INSERT INTO `auxiliar` VALUES (297, 'ESTANTE', 2, 1, NULL, NULL, NULL, '0000-00-00 00:00:00', NULL, NULL);
INSERT INTO `auxiliar` VALUES (298, 'GABETERO', 2, 1, NULL, NULL, NULL, '0000-00-00 00:00:00', NULL, NULL);
INSERT INTO `auxiliar` VALUES (299, 'MAQUINA DE ESCRIBIR', 2, 1, NULL, NULL, NULL, '0000-00-00 00:00:00', NULL, NULL);
INSERT INTO `auxiliar` VALUES (300, 'BANQUETA', 1, 1, NULL, NULL, NULL, '0000-00-00 00:00:00', NULL, NULL);
INSERT INTO `auxiliar` VALUES (301, 'EDIFICIO', 1, 1, NULL, NULL, NULL, '0000-00-00 00:00:00', NULL, NULL);
INSERT INTO `auxiliar` VALUES (302, 'VACIO', 1, 1, NULL, NULL, NULL, '0000-00-00 00:00:00', NULL, NULL);
INSERT INTO `auxiliar` VALUES (303, 'BANQUETA', 2, 1, NULL, NULL, NULL, '0000-00-00 00:00:00', NULL, NULL);
INSERT INTO `auxiliar` VALUES (304, 'TRANSFORMADOR DE CORRIENTE', 24, 1, NULL, NULL, NULL, '0000-00-00 00:00:00', NULL, NULL);
INSERT INTO `auxiliar` VALUES (305, 'PANEL SOLAR', 24, 1, NULL, NULL, NULL, '0000-00-00 00:00:00', NULL, NULL);
INSERT INTO `auxiliar` VALUES (306, 'TERRENO', 34, 1, NULL, NULL, NULL, '0000-00-00 00:00:00', NULL, NULL);
INSERT INTO `auxiliar` VALUES (307, 'EDIFICIO', 1, 1, NULL, NULL, NULL, '0000-00-00 00:00:00', NULL, NULL);
INSERT INTO `auxiliar` VALUES (308, 'TERRENO', 34, 1, NULL, NULL, NULL, '0000-00-00 00:00:00', NULL, NULL);
INSERT INTO `auxiliar` VALUES (309, 'ESCRITORIO', 2, 1, NULL, NULL, NULL, '0000-00-00 00:00:00', NULL, NULL);
INSERT INTO `auxiliar` VALUES (310, 'GABETERO', 2, 1, NULL, NULL, NULL, '0000-00-00 00:00:00', NULL, NULL);
INSERT INTO `auxiliar` VALUES (311, 'SILLA', 2, 1, NULL, NULL, NULL, '0000-00-00 00:00:00', NULL, NULL);
INSERT INTO `auxiliar` VALUES (312, 'VITRINA', 2, 1, NULL, NULL, NULL, '0000-00-00 00:00:00', NULL, NULL);
INSERT INTO `auxiliar` VALUES (313, 'ESTANTE', 2, 1, NULL, NULL, NULL, '0000-00-00 00:00:00', NULL, NULL);
INSERT INTO `auxiliar` VALUES (314, 'MAQUINA DE ESCRIBIR', 2, 1, NULL, NULL, NULL, '0000-00-00 00:00:00', NULL, NULL);
INSERT INTO `auxiliar` VALUES (315, 'RADIO', 5, 1, NULL, NULL, NULL, '0000-00-00 00:00:00', NULL, NULL);
INSERT INTO `auxiliar` VALUES (316, 'PARLANTE', 5, 1, NULL, NULL, NULL, '0000-00-00 00:00:00', NULL, NULL);
INSERT INTO `auxiliar` VALUES (317, 'PEDESTALES', 5, 1, NULL, NULL, NULL, '0000-00-00 00:00:00', NULL, NULL);
INSERT INTO `auxiliar` VALUES (318, 'PODER', 5, 1, NULL, NULL, NULL, '0000-00-00 00:00:00', NULL, NULL);
INSERT INTO `auxiliar` VALUES (319, 'IMPRESORA', 15, 1, NULL, NULL, NULL, '0000-00-00 00:00:00', NULL, NULL);
INSERT INTO `auxiliar` VALUES (320, 'TELEVISOR', 5, 1, NULL, NULL, NULL, '0000-00-00 00:00:00', NULL, NULL);
INSERT INTO `auxiliar` VALUES (321, 'DVD', 5, 1, NULL, NULL, NULL, '0000-00-00 00:00:00', NULL, NULL);
INSERT INTO `auxiliar` VALUES (322, 'FOTOCOPIADORA', 2, 1, NULL, NULL, NULL, '0000-00-00 00:00:00', NULL, NULL);
INSERT INTO `auxiliar` VALUES (323, 'ESTABILIZADOR', 15, 1, NULL, NULL, NULL, '0000-00-00 00:00:00', NULL, NULL);
INSERT INTO `auxiliar` VALUES (324, 'TRANSFORMADOR', 15, 1, NULL, NULL, NULL, '0000-00-00 00:00:00', NULL, NULL);
INSERT INTO `auxiliar` VALUES (325, 'COMPUTADORA PORTATIL', 15, 1, NULL, NULL, NULL, '0000-00-00 00:00:00', NULL, NULL);
INSERT INTO `auxiliar` VALUES (326, 'CAMARA FOTOGRAFICA', 5, 1, NULL, NULL, NULL, '0000-00-00 00:00:00', NULL, NULL);
INSERT INTO `auxiliar` VALUES (327, 'GLOBO TERRAQUEO', 6, 1, NULL, NULL, NULL, '0000-00-00 00:00:00', NULL, NULL);
INSERT INTO `auxiliar` VALUES (328, 'SILLA ESPECIAL', 6, 1, NULL, NULL, NULL, '0000-00-00 00:00:00', NULL, NULL);
INSERT INTO `auxiliar` VALUES (329, 'MESA ESPECIAL', 6, 1, NULL, NULL, NULL, '0000-00-00 00:00:00', NULL, NULL);
INSERT INTO `auxiliar` VALUES (330, 'PIZARRA', 6, 1, NULL, NULL, NULL, '0000-00-00 00:00:00', NULL, NULL);
INSERT INTO `auxiliar` VALUES (331, 'MESA', 2, 1, NULL, NULL, NULL, '0000-00-00 00:00:00', NULL, NULL);
INSERT INTO `auxiliar` VALUES (332, 'TABURETE', 2, 1, NULL, NULL, NULL, '0000-00-00 00:00:00', NULL, NULL);
INSERT INTO `auxiliar` VALUES (333, 'BANQUETA', 2, 1, NULL, NULL, NULL, '0000-00-00 00:00:00', NULL, NULL);
INSERT INTO `auxiliar` VALUES (334, 'PUPITRE', 6, 1, NULL, NULL, NULL, '0000-00-00 00:00:00', NULL, NULL);
INSERT INTO `auxiliar` VALUES (335, 'VHS', 5, 1, NULL, NULL, NULL, '0000-00-00 00:00:00', NULL, NULL);
INSERT INTO `auxiliar` VALUES (336, 'CPU', 15, 1, NULL, NULL, NULL, '0000-00-00 00:00:00', NULL, NULL);
INSERT INTO `auxiliar` VALUES (337, 'MONITOR', 15, 1, NULL, NULL, NULL, '0000-00-00 00:00:00', NULL, NULL);
INSERT INTO `auxiliar` VALUES (338, 'PROYECTORA', 5, 1, NULL, NULL, NULL, '0000-00-00 00:00:00', NULL, NULL);
INSERT INTO `auxiliar` VALUES (339, 'RECEPTOR', 5, 1, NULL, NULL, NULL, '0000-00-00 00:00:00', NULL, NULL);
INSERT INTO `auxiliar` VALUES (340, 'FUMIGADORA', 13, 1, NULL, NULL, NULL, '0000-00-00 00:00:00', NULL, NULL);
INSERT INTO `auxiliar` VALUES (341, 'POLICOPIADORA', 6, 1, NULL, NULL, NULL, '0000-00-00 00:00:00', NULL, NULL);
INSERT INTO `auxiliar` VALUES (342, 'EDIFICIO', 1, 1, NULL, NULL, NULL, '0000-00-00 00:00:00', NULL, NULL);
INSERT INTO `auxiliar` VALUES (343, 'TERRENO', 34, 1, NULL, NULL, NULL, '0000-00-00 00:00:00', NULL, NULL);
INSERT INTO `auxiliar` VALUES (344, 'MOTOCICLETA', 8, 1, NULL, NULL, NULL, '0000-00-00 00:00:00', NULL, NULL);
INSERT INTO `auxiliar` VALUES (345, 'SILLA ESPECIAL', 6, 1, NULL, NULL, NULL, '0000-00-00 00:00:00', NULL, NULL);
INSERT INTO `auxiliar` VALUES (346, 'MESA ESPECIAL', 6, 1, NULL, NULL, NULL, '0000-00-00 00:00:00', NULL, NULL);
INSERT INTO `auxiliar` VALUES (347, 'PIZARRA', 6, 1, NULL, NULL, NULL, '0000-00-00 00:00:00', NULL, NULL);
INSERT INTO `auxiliar` VALUES (348, 'MESA', 2, 1, NULL, NULL, NULL, '0000-00-00 00:00:00', NULL, NULL);
INSERT INTO `auxiliar` VALUES (349, 'TABURETE', 2, 1, NULL, NULL, NULL, '0000-00-00 00:00:00', NULL, NULL);
INSERT INTO `auxiliar` VALUES (350, 'CATRE', 20, 1, NULL, NULL, NULL, '0000-00-00 00:00:00', NULL, NULL);
INSERT INTO `auxiliar` VALUES (351, 'VITRINA', 2, 1, NULL, NULL, NULL, '0000-00-00 00:00:00', NULL, NULL);
INSERT INTO `auxiliar` VALUES (352, 'ESCRITORIO', 2, 1, NULL, NULL, NULL, '0000-00-00 00:00:00', NULL, NULL);
INSERT INTO `auxiliar` VALUES (353, 'SILLA', 2, 1, NULL, NULL, NULL, '0000-00-00 00:00:00', NULL, NULL);
INSERT INTO `auxiliar` VALUES (354, 'GABETERO', 2, 1, NULL, NULL, NULL, '0000-00-00 00:00:00', NULL, NULL);
INSERT INTO `auxiliar` VALUES (355, 'RADIO', 5, 1, NULL, NULL, NULL, '0000-00-00 00:00:00', NULL, NULL);
INSERT INTO `auxiliar` VALUES (356, 'VHS', 5, 1, NULL, NULL, NULL, '0000-00-00 00:00:00', NULL, NULL);
INSERT INTO `auxiliar` VALUES (357, 'TELEVISOR', 5, 1, NULL, NULL, NULL, '0000-00-00 00:00:00', NULL, NULL);
INSERT INTO `auxiliar` VALUES (358, 'DVD', 5, 1, NULL, NULL, NULL, '0000-00-00 00:00:00', NULL, NULL);
INSERT INTO `auxiliar` VALUES (359, 'PANEL SOLAR', 24, 1, NULL, NULL, NULL, '0000-00-00 00:00:00', NULL, NULL);
INSERT INTO `auxiliar` VALUES (360, 'INVERSOR', 24, 1, NULL, NULL, NULL, '0000-00-00 00:00:00', NULL, NULL);
INSERT INTO `auxiliar` VALUES (361, 'PLAQUETA', 24, 1, NULL, NULL, NULL, '0000-00-00 00:00:00', NULL, NULL);
INSERT INTO `auxiliar` VALUES (362, 'MAQUINA DE ESCRIBIR', 2, 1, NULL, NULL, NULL, '0000-00-00 00:00:00', NULL, NULL);
INSERT INTO `auxiliar` VALUES (363, 'EDIFICIO', 1, 1, NULL, NULL, NULL, '0000-00-00 00:00:00', NULL, NULL);
INSERT INTO `auxiliar` VALUES (364, 'TERRENO', 34, 1, NULL, NULL, NULL, '0000-00-00 00:00:00', NULL, NULL);
INSERT INTO `auxiliar` VALUES (365, 'SILLA ESPECIAL', 6, 1, NULL, NULL, NULL, '0000-00-00 00:00:00', NULL, NULL);
INSERT INTO `auxiliar` VALUES (366, 'MESA ESPECIAL', 6, 1, NULL, NULL, NULL, '0000-00-00 00:00:00', NULL, NULL);
INSERT INTO `auxiliar` VALUES (367, 'PIZARRA', 6, 1, NULL, NULL, NULL, '0000-00-00 00:00:00', NULL, NULL);
INSERT INTO `auxiliar` VALUES (368, 'VITRINA', 2, 1, NULL, NULL, NULL, '0000-00-00 00:00:00', NULL, NULL);
INSERT INTO `auxiliar` VALUES (369, 'VITRINA', 2, 1, NULL, NULL, NULL, '0000-00-00 00:00:00', NULL, NULL);
INSERT INTO `auxiliar` VALUES (370, 'ESTANTE', 2, 1, NULL, NULL, NULL, '0000-00-00 00:00:00', NULL, NULL);
INSERT INTO `auxiliar` VALUES (371, 'ESCRITORIO', 2, 1, NULL, NULL, NULL, '0000-00-00 00:00:00', NULL, NULL);
INSERT INTO `auxiliar` VALUES (372, 'RADIO', 5, 1, NULL, NULL, NULL, '0000-00-00 00:00:00', NULL, NULL);
INSERT INTO `auxiliar` VALUES (373, 'DVD', 5, 1, NULL, NULL, NULL, '0000-00-00 00:00:00', NULL, NULL);
INSERT INTO `auxiliar` VALUES (374, 'VHS', 5, 1, NULL, NULL, NULL, '0000-00-00 00:00:00', NULL, NULL);
INSERT INTO `auxiliar` VALUES (375, 'TELEVISOR', 5, 1, NULL, NULL, NULL, '0000-00-00 00:00:00', NULL, NULL);
INSERT INTO `auxiliar` VALUES (376, 'INVERSOR', 24, 1, NULL, NULL, NULL, '0000-00-00 00:00:00', NULL, NULL);
INSERT INTO `auxiliar` VALUES (377, 'REGULADOR', 24, 1, NULL, NULL, NULL, '0000-00-00 00:00:00', NULL, NULL);
INSERT INTO `auxiliar` VALUES (378, 'MAQUINA DE ESCRIBIR', 2, 1, NULL, NULL, NULL, '0000-00-00 00:00:00', NULL, NULL);
INSERT INTO `auxiliar` VALUES (379, 'SILLA', 2, 1, NULL, NULL, NULL, '0000-00-00 00:00:00', NULL, NULL);
INSERT INTO `auxiliar` VALUES (380, 'MESA', 2, 1, NULL, NULL, NULL, '0000-00-00 00:00:00', NULL, NULL);
INSERT INTO `auxiliar` VALUES (381, 'GABETERO', 2, 1, NULL, NULL, NULL, '0000-00-00 00:00:00', NULL, NULL);
INSERT INTO `auxiliar` VALUES (382, 'BALANZA', 13, 1, NULL, NULL, NULL, '0000-00-00 00:00:00', NULL, NULL);
INSERT INTO `auxiliar` VALUES (383, 'PANEL SOLAR', 24, 1, NULL, NULL, NULL, '0000-00-00 00:00:00', NULL, NULL);
INSERT INTO `auxiliar` VALUES (384, 'EDIFICIO', 1, 1, NULL, NULL, NULL, '0000-00-00 00:00:00', NULL, NULL);
INSERT INTO `auxiliar` VALUES (385, 'TERRENO', 34, 1, NULL, NULL, NULL, '0000-00-00 00:00:00', NULL, NULL);
INSERT INTO `auxiliar` VALUES (386, 'MESA', 2, 1, NULL, NULL, NULL, '0000-00-00 00:00:00', NULL, NULL);
INSERT INTO `auxiliar` VALUES (387, 'ESTANTE', 2, 1, NULL, NULL, NULL, '0000-00-00 00:00:00', NULL, NULL);
INSERT INTO `auxiliar` VALUES (388, 'TELEVISOR', 5, 1, NULL, NULL, NULL, '0000-00-00 00:00:00', NULL, NULL);
INSERT INTO `auxiliar` VALUES (389, 'VHS', 5, 1, NULL, NULL, NULL, '0000-00-00 00:00:00', NULL, NULL);
INSERT INTO `auxiliar` VALUES (390, 'MAQUINA DE ESCRIBIR', 2, 1, NULL, NULL, NULL, '0000-00-00 00:00:00', NULL, NULL);
INSERT INTO `auxiliar` VALUES (391, 'INVERSOR', 24, 1, NULL, NULL, NULL, '0000-00-00 00:00:00', NULL, NULL);
INSERT INTO `auxiliar` VALUES (392, 'PLAQUETA', 24, 1, NULL, NULL, NULL, '0000-00-00 00:00:00', NULL, NULL);
INSERT INTO `auxiliar` VALUES (393, 'PANEL SOLAR', 24, 1, NULL, NULL, NULL, '0000-00-00 00:00:00', NULL, NULL);
INSERT INTO `auxiliar` VALUES (394, 'BALANZA', 13, 1, NULL, NULL, NULL, '0000-00-00 00:00:00', NULL, NULL);
INSERT INTO `auxiliar` VALUES (395, 'SILLA ESPECIAL', 6, 1, NULL, NULL, NULL, '0000-00-00 00:00:00', NULL, NULL);
INSERT INTO `auxiliar` VALUES (396, 'MESA ESPECIAL', 6, 1, NULL, NULL, NULL, '0000-00-00 00:00:00', NULL, NULL);
INSERT INTO `auxiliar` VALUES (397, 'PIZARRA', 6, 1, NULL, NULL, NULL, '0000-00-00 00:00:00', NULL, NULL);
INSERT INTO `auxiliar` VALUES (398, 'ESCRITORIO', 2, 1, NULL, NULL, NULL, '0000-00-00 00:00:00', NULL, NULL);
INSERT INTO `auxiliar` VALUES (399, 'GABETERO', 2, 1, NULL, NULL, NULL, '0000-00-00 00:00:00', NULL, NULL);
INSERT INTO `auxiliar` VALUES (400, 'SILLA', 2, 1, NULL, NULL, NULL, '0000-00-00 00:00:00', NULL, NULL);
INSERT INTO `auxiliar` VALUES (401, 'EDIFICIO', 1, 1, NULL, NULL, NULL, '0000-00-00 00:00:00', NULL, NULL);
INSERT INTO `auxiliar` VALUES (402, 'TERRENO', 34, 1, NULL, NULL, NULL, '0000-00-00 00:00:00', NULL, NULL);
INSERT INTO `auxiliar` VALUES (403, 'VITRINA', 2, 1, NULL, NULL, NULL, '0000-00-00 00:00:00', NULL, NULL);
INSERT INTO `auxiliar` VALUES (404, 'ESCRITORIO', 2, 1, NULL, NULL, NULL, '0000-00-00 00:00:00', NULL, NULL);
INSERT INTO `auxiliar` VALUES (405, 'MESA', 2, 1, NULL, NULL, NULL, '0000-00-00 00:00:00', NULL, NULL);
INSERT INTO `auxiliar` VALUES (406, 'MAQUINA DE ESCRIBIR', 2, 1, NULL, NULL, NULL, '0000-00-00 00:00:00', NULL, NULL);
INSERT INTO `auxiliar` VALUES (407, 'RADIO', 5, 1, NULL, NULL, NULL, '0000-00-00 00:00:00', NULL, NULL);
INSERT INTO `auxiliar` VALUES (408, 'PARLANTE', 5, 1, NULL, NULL, NULL, '0000-00-00 00:00:00', NULL, NULL);
INSERT INTO `auxiliar` VALUES (409, 'PEDESTAL', 5, 1, NULL, NULL, NULL, '0000-00-00 00:00:00', NULL, NULL);
INSERT INTO `auxiliar` VALUES (410, 'TELEVISOR', 5, 1, NULL, NULL, NULL, '0000-00-00 00:00:00', NULL, NULL);
INSERT INTO `auxiliar` VALUES (411, 'DVD', 5, 1, NULL, NULL, NULL, '0000-00-00 00:00:00', NULL, NULL);
INSERT INTO `auxiliar` VALUES (412, 'RECEPTOR', 5, 1, NULL, NULL, NULL, '0000-00-00 00:00:00', NULL, NULL);
INSERT INTO `auxiliar` VALUES (413, 'PROYECTORA', 5, 1, NULL, NULL, NULL, '0000-00-00 00:00:00', NULL, NULL);
INSERT INTO `auxiliar` VALUES (414, 'VHS', 5, 1, NULL, NULL, NULL, '0000-00-00 00:00:00', NULL, NULL);
INSERT INTO `auxiliar` VALUES (415, 'INVERSOR', 24, 1, NULL, NULL, NULL, '0000-00-00 00:00:00', NULL, NULL);
INSERT INTO `auxiliar` VALUES (416, 'PLAQUETA', 24, 1, NULL, NULL, NULL, '0000-00-00 00:00:00', NULL, NULL);
INSERT INTO `auxiliar` VALUES (417, 'ESTABILIZADOR', 15, 1, NULL, NULL, NULL, '0000-00-00 00:00:00', NULL, NULL);
INSERT INTO `auxiliar` VALUES (418, 'PODER', 5, 1, NULL, NULL, NULL, '0000-00-00 00:00:00', NULL, NULL);
INSERT INTO `auxiliar` VALUES (419, 'SILLA ESPECIAL', 6, 1, NULL, NULL, NULL, '0000-00-00 00:00:00', NULL, NULL);
INSERT INTO `auxiliar` VALUES (420, 'MESA ESPECIAL', 6, 1, NULL, NULL, NULL, '0000-00-00 00:00:00', NULL, NULL);
INSERT INTO `auxiliar` VALUES (421, 'PIZARRA', 6, 1, NULL, NULL, NULL, '0000-00-00 00:00:00', NULL, NULL);
INSERT INTO `auxiliar` VALUES (422, 'TABURETE', 2, 1, NULL, NULL, NULL, '0000-00-00 00:00:00', NULL, NULL);
INSERT INTO `auxiliar` VALUES (423, 'ESTANTE', 2, 1, NULL, NULL, NULL, '0000-00-00 00:00:00', NULL, NULL);
INSERT INTO `auxiliar` VALUES (424, 'SILLA', 2, 1, NULL, NULL, NULL, '0000-00-00 00:00:00', NULL, NULL);
INSERT INTO `auxiliar` VALUES (425, 'COMPUTADORA PORTATIL', 15, 1, NULL, NULL, NULL, '0000-00-00 00:00:00', NULL, NULL);
INSERT INTO `auxiliar` VALUES (426, 'EDIFICIO', 1, 1, NULL, NULL, NULL, '0000-00-00 00:00:00', NULL, NULL);
INSERT INTO `auxiliar` VALUES (427, 'TERRENO', 34, 1, NULL, NULL, NULL, '0000-00-00 00:00:00', NULL, NULL);
INSERT INTO `auxiliar` VALUES (428, 'MOTOCICLETA', 8, 1, NULL, NULL, NULL, '0000-00-00 00:00:00', NULL, NULL);
INSERT INTO `auxiliar` VALUES (429, 'ESCRITORIO', 2, 1, NULL, NULL, NULL, '0000-00-00 00:00:00', NULL, NULL);
INSERT INTO `auxiliar` VALUES (430, 'VITRINA', 2, 1, NULL, NULL, NULL, '0000-00-00 00:00:00', NULL, NULL);
INSERT INTO `auxiliar` VALUES (431, 'SILLA', 2, 1, NULL, NULL, NULL, '0000-00-00 00:00:00', NULL, NULL);
INSERT INTO `auxiliar` VALUES (432, 'SILLA ESPECIAL', 6, 1, NULL, NULL, NULL, '0000-00-00 00:00:00', NULL, NULL);
INSERT INTO `auxiliar` VALUES (433, 'MESA ESPECIAL', 6, 1, NULL, NULL, NULL, '0000-00-00 00:00:00', NULL, NULL);
INSERT INTO `auxiliar` VALUES (434, 'TITIRITERO', 6, 1, NULL, NULL, NULL, '0000-00-00 00:00:00', NULL, NULL);
INSERT INTO `auxiliar` VALUES (435, 'PiZARRA', 6, 1, NULL, NULL, NULL, '0000-00-00 00:00:00', NULL, NULL);
INSERT INTO `auxiliar` VALUES (436, 'SILLA', 6, 1, NULL, NULL, NULL, '0000-00-00 00:00:00', NULL, NULL);
INSERT INTO `auxiliar` VALUES (437, 'MESA', 2, 1, NULL, NULL, NULL, '0000-00-00 00:00:00', NULL, NULL);
INSERT INTO `auxiliar` VALUES (438, 'TABURETE', 2, 1, NULL, NULL, NULL, '0000-00-00 00:00:00', NULL, NULL);
INSERT INTO `auxiliar` VALUES (439, 'ESTANTE', 2, 1, NULL, NULL, NULL, '0000-00-00 00:00:00', NULL, NULL);
INSERT INTO `auxiliar` VALUES (440, 'GABETERO', 2, 1, NULL, NULL, NULL, '0000-00-00 00:00:00', NULL, NULL);
INSERT INTO `auxiliar` VALUES (441, 'PARLANTE', 5, 1, NULL, NULL, NULL, '0000-00-00 00:00:00', NULL, NULL);
INSERT INTO `auxiliar` VALUES (442, 'VHS', 5, 1, NULL, NULL, NULL, '0000-00-00 00:00:00', NULL, NULL);
INSERT INTO `auxiliar` VALUES (443, 'RADIO', 5, 1, NULL, NULL, NULL, '0000-00-00 00:00:00', NULL, NULL);
INSERT INTO `auxiliar` VALUES (444, 'TELEVISOR', 5, 1, NULL, NULL, NULL, '0000-00-00 00:00:00', NULL, NULL);
INSERT INTO `auxiliar` VALUES (445, 'MESCLADORA DE DISCOS', 5, 1, NULL, NULL, NULL, '0000-00-00 00:00:00', NULL, NULL);
INSERT INTO `auxiliar` VALUES (446, 'COMPACTERA', 5, 1, NULL, NULL, NULL, '0000-00-00 00:00:00', NULL, NULL);
INSERT INTO `auxiliar` VALUES (447, 'PODER', 5, 1, NULL, NULL, NULL, '0000-00-00 00:00:00', NULL, NULL);
INSERT INTO `auxiliar` VALUES (448, 'PEDESTAL', 5, 1, NULL, NULL, NULL, '0000-00-00 00:00:00', NULL, NULL);
INSERT INTO `auxiliar` VALUES (449, 'IMPRESORA', 15, 1, NULL, NULL, NULL, '0000-00-00 00:00:00', NULL, NULL);
INSERT INTO `auxiliar` VALUES (450, 'TRANSFORMADOR', 15, 1, NULL, NULL, NULL, '0000-00-00 00:00:00', NULL, NULL);
INSERT INTO `auxiliar` VALUES (451, 'MONITOR', 15, 1, NULL, NULL, NULL, '0000-00-00 00:00:00', NULL, NULL);
INSERT INTO `auxiliar` VALUES (452, 'CPU', 15, 1, NULL, NULL, NULL, '0000-00-00 00:00:00', NULL, NULL);
INSERT INTO `auxiliar` VALUES (453, 'FOTOCOPIADORA', 2, 1, NULL, NULL, NULL, '0000-00-00 00:00:00', NULL, NULL);
INSERT INTO `auxiliar` VALUES (454, 'COMPUTADORA PORTATIL', 15, 1, NULL, NULL, NULL, '0000-00-00 00:00:00', NULL, NULL);
INSERT INTO `auxiliar` VALUES (455, 'MESCLADORA', 5, 1, NULL, NULL, NULL, '0000-00-00 00:00:00', NULL, NULL);
INSERT INTO `auxiliar` VALUES (456, 'MAQUINA DE ESCRIBIR', 2, 1, NULL, NULL, NULL, '0000-00-00 00:00:00', NULL, NULL);
INSERT INTO `auxiliar` VALUES (457, 'POLICOPIADORA', 2, 1, NULL, NULL, NULL, '0000-00-00 00:00:00', NULL, NULL);
INSERT INTO `auxiliar` VALUES (458, 'MICROSCOPIO', 4, 1, NULL, NULL, NULL, '0000-00-00 00:00:00', NULL, NULL);
INSERT INTO `auxiliar` VALUES (459, 'FUMIGADORA', 13, 1, NULL, NULL, NULL, '0000-00-00 00:00:00', NULL, NULL);
INSERT INTO `auxiliar` VALUES (460, 'DVD', 5, 1, NULL, NULL, NULL, '0000-00-00 00:00:00', NULL, NULL);
INSERT INTO `auxiliar` VALUES (461, 'EDIFICIO', 1, 1, NULL, NULL, NULL, '0000-00-00 00:00:00', NULL, NULL);
INSERT INTO `auxiliar` VALUES (462, 'TERRENO', 34, 1, NULL, NULL, NULL, '0000-00-00 00:00:00', NULL, NULL);
INSERT INTO `auxiliar` VALUES (463, 'MOTOCICLETA', 8, 1, NULL, NULL, NULL, '0000-00-00 00:00:00', NULL, NULL);
INSERT INTO `auxiliar` VALUES (464, 'SILLA ESPECIAL', 6, 1, NULL, NULL, NULL, '0000-00-00 00:00:00', NULL, NULL);
INSERT INTO `auxiliar` VALUES (465, 'MESA ESPECIAL', 6, 1, NULL, NULL, NULL, '0000-00-00 00:00:00', NULL, NULL);
INSERT INTO `auxiliar` VALUES (466, 'PIZARRA', 6, 1, NULL, NULL, NULL, '0000-00-00 00:00:00', NULL, NULL);
INSERT INTO `auxiliar` VALUES (467, 'SILLA', 2, 1, NULL, NULL, NULL, '0000-00-00 00:00:00', NULL, NULL);
INSERT INTO `auxiliar` VALUES (468, 'MESA', 2, 1, NULL, NULL, NULL, '0000-00-00 00:00:00', NULL, NULL);
INSERT INTO `auxiliar` VALUES (469, 'GABETERO', 2, 1, NULL, NULL, NULL, '0000-00-00 00:00:00', NULL, NULL);
INSERT INTO `auxiliar` VALUES (470, 'TELEVISOR', 5, 1, NULL, NULL, NULL, '0000-00-00 00:00:00', NULL, NULL);
INSERT INTO `auxiliar` VALUES (471, 'DVD', 5, 1, NULL, NULL, NULL, '0000-00-00 00:00:00', NULL, NULL);
INSERT INTO `auxiliar` VALUES (472, 'EDIFICIO', 1, 1, NULL, NULL, NULL, '0000-00-00 00:00:00', NULL, NULL);
INSERT INTO `auxiliar` VALUES (473, 'TERRENO', 34, 1, NULL, NULL, NULL, '0000-00-00 00:00:00', NULL, NULL);
INSERT INTO `auxiliar` VALUES (474, 'SILLA ESPECIAL', 6, 1, NULL, NULL, NULL, '0000-00-00 00:00:00', NULL, NULL);
INSERT INTO `auxiliar` VALUES (475, 'MESA ESPECIAL', 6, 1, NULL, NULL, NULL, '0000-00-00 00:00:00', NULL, NULL);
INSERT INTO `auxiliar` VALUES (476, 'PIZARRA', 6, 1, NULL, NULL, NULL, '0000-00-00 00:00:00', NULL, NULL);
INSERT INTO `auxiliar` VALUES (477, 'MESA', 2, 1, NULL, NULL, NULL, '0000-00-00 00:00:00', NULL, NULL);
INSERT INTO `auxiliar` VALUES (478, 'BANQUETA', 2, 1, NULL, NULL, NULL, '0000-00-00 00:00:00', NULL, NULL);
INSERT INTO `auxiliar` VALUES (479, 'TELEVISOR', 5, 1, NULL, NULL, NULL, '0000-00-00 00:00:00', NULL, NULL);
INSERT INTO `auxiliar` VALUES (480, 'INVERSOR', 24, 1, NULL, NULL, NULL, '0000-00-00 00:00:00', NULL, NULL);
INSERT INTO `auxiliar` VALUES (481, 'PLAQUETA', 24, 1, NULL, NULL, NULL, '0000-00-00 00:00:00', NULL, NULL);
INSERT INTO `auxiliar` VALUES (482, 'VHS', 5, 1, NULL, NULL, NULL, '0000-00-00 00:00:00', NULL, NULL);
INSERT INTO `auxiliar` VALUES (483, 'PANEL SOLAR', 24, 1, NULL, NULL, NULL, '0000-00-00 00:00:00', NULL, NULL);
INSERT INTO `auxiliar` VALUES (484, 'DVD', 5, 1, NULL, NULL, NULL, '0000-00-00 00:00:00', NULL, NULL);
INSERT INTO `auxiliar` VALUES (485, 'RADIO', 5, 1, NULL, NULL, NULL, '0000-00-00 00:00:00', NULL, NULL);
INSERT INTO `auxiliar` VALUES (486, 'MAQUINA DE ESCRIBIR', 2, 1, NULL, NULL, NULL, '0000-00-00 00:00:00', NULL, NULL);
INSERT INTO `auxiliar` VALUES (487, 'SILLA', 2, 1, NULL, NULL, NULL, '0000-00-00 00:00:00', NULL, NULL);
INSERT INTO `auxiliar` VALUES (488, 'EDIFICIO', 1, 1, NULL, NULL, NULL, '0000-00-00 00:00:00', NULL, NULL);
INSERT INTO `auxiliar` VALUES (489, 'TERRENO', 34, 1, NULL, NULL, NULL, '0000-00-00 00:00:00', NULL, NULL);
INSERT INTO `auxiliar` VALUES (490, 'SILLA ESPECIAL', 6, 1, NULL, NULL, NULL, '0000-00-00 00:00:00', NULL, NULL);
INSERT INTO `auxiliar` VALUES (491, 'MESA ESPECIAL', 6, 1, NULL, NULL, NULL, '0000-00-00 00:00:00', NULL, NULL);
INSERT INTO `auxiliar` VALUES (492, 'PIZARRA', 6, 1, NULL, NULL, NULL, '0000-00-00 00:00:00', NULL, NULL);
INSERT INTO `auxiliar` VALUES (493, 'MESA', 2, 1, NULL, NULL, NULL, '0000-00-00 00:00:00', NULL, NULL);
INSERT INTO `auxiliar` VALUES (494, 'GABETERO', 2, 1, NULL, NULL, NULL, '0000-00-00 00:00:00', NULL, NULL);
INSERT INTO `auxiliar` VALUES (495, 'MESA', 2, 1, NULL, NULL, NULL, '0000-00-00 00:00:00', NULL, NULL);
INSERT INTO `auxiliar` VALUES (496, 'ESCRITORIO', 2, 1, NULL, NULL, NULL, '0000-00-00 00:00:00', NULL, NULL);
INSERT INTO `auxiliar` VALUES (497, 'MAQUINA ESCRIBIR', 2, 1, NULL, NULL, NULL, '0000-00-00 00:00:00', NULL, NULL);
INSERT INTO `auxiliar` VALUES (498, 'INVERSOR', 24, 1, NULL, NULL, NULL, '0000-00-00 00:00:00', NULL, NULL);
INSERT INTO `auxiliar` VALUES (499, 'PLAQUETA', 24, 1, NULL, NULL, NULL, '0000-00-00 00:00:00', NULL, NULL);
INSERT INTO `auxiliar` VALUES (500, 'PANEL SOLAR', 24, 1, NULL, NULL, NULL, '0000-00-00 00:00:00', NULL, NULL);
INSERT INTO `auxiliar` VALUES (501, 'RADIO', 5, 1, NULL, NULL, NULL, '0000-00-00 00:00:00', NULL, NULL);
INSERT INTO `auxiliar` VALUES (502, 'TELEVISOR', 5, 1, NULL, NULL, NULL, '0000-00-00 00:00:00', NULL, NULL);
INSERT INTO `auxiliar` VALUES (503, 'MESA ESPECIAL', 6, 1, NULL, NULL, NULL, '0000-00-00 00:00:00', NULL, NULL);
INSERT INTO `auxiliar` VALUES (504, 'PLAQUETA', 24, 1, NULL, NULL, NULL, '0000-00-00 00:00:00', NULL, NULL);
INSERT INTO `auxiliar` VALUES (505, 'GABETERO', 2, 1, NULL, NULL, NULL, '0000-00-00 00:00:00', NULL, NULL);
INSERT INTO `auxiliar` VALUES (506, 'TELEVISOR', 5, 1, NULL, NULL, NULL, '0000-00-00 00:00:00', NULL, NULL);
INSERT INTO `auxiliar` VALUES (507, 'EDIFICIO', 1, 1, NULL, NULL, NULL, '0000-00-00 00:00:00', NULL, NULL);
INSERT INTO `auxiliar` VALUES (508, 'TERRENO', 34, 1, NULL, NULL, NULL, '0000-00-00 00:00:00', NULL, NULL);
INSERT INTO `auxiliar` VALUES (509, 'SILLA ESPECIAL', 6, 1, NULL, NULL, NULL, '0000-00-00 00:00:00', NULL, NULL);
INSERT INTO `auxiliar` VALUES (510, 'MESA ESPECIAL', 6, 1, NULL, NULL, NULL, '0000-00-00 00:00:00', NULL, NULL);
INSERT INTO `auxiliar` VALUES (511, 'VITRINA', 2, 1, NULL, NULL, NULL, '0000-00-00 00:00:00', NULL, NULL);
INSERT INTO `auxiliar` VALUES (512, 'SILLA', 2, 1, NULL, NULL, NULL, '0000-00-00 00:00:00', NULL, NULL);
INSERT INTO `auxiliar` VALUES (513, 'ESCRITORIO', 2, 1, NULL, NULL, NULL, '0000-00-00 00:00:00', NULL, NULL);
INSERT INTO `auxiliar` VALUES (514, 'SILLA GIRATORIA', 2, 1, NULL, NULL, NULL, '0000-00-00 00:00:00', NULL, NULL);
INSERT INTO `auxiliar` VALUES (515, 'PUPITRE', 6, 1, NULL, NULL, NULL, '0000-00-00 00:00:00', NULL, NULL);
INSERT INTO `auxiliar` VALUES (516, 'ESTANTE', 2, 1, NULL, NULL, NULL, '0000-00-00 00:00:00', NULL, NULL);
INSERT INTO `auxiliar` VALUES (517, 'MESA', 2, 1, NULL, NULL, NULL, '0000-00-00 00:00:00', NULL, NULL);
INSERT INTO `auxiliar` VALUES (518, 'MUEBLE PARA COMPUTADORA', 2, 1, NULL, NULL, NULL, '0000-00-00 00:00:00', NULL, NULL);
INSERT INTO `auxiliar` VALUES (519, 'COMPUTADORA PORTATIL', 15, 1, NULL, NULL, NULL, '0000-00-00 00:00:00', NULL, NULL);
INSERT INTO `auxiliar` VALUES (520, 'IMPRESORA', 15, 1, NULL, NULL, NULL, '0000-00-00 00:00:00', NULL, NULL);
INSERT INTO `auxiliar` VALUES (521, 'ESTABILIZADOR', 15, 1, NULL, NULL, NULL, '0000-00-00 00:00:00', NULL, NULL);
INSERT INTO `auxiliar` VALUES (522, 'PROYECTORA', 5, 1, NULL, NULL, NULL, '0000-00-00 00:00:00', NULL, NULL);
INSERT INTO `auxiliar` VALUES (523, 'TELEVISOR', 5, 1, NULL, NULL, NULL, '0000-00-00 00:00:00', NULL, NULL);
INSERT INTO `auxiliar` VALUES (524, 'DVD', 5, 1, NULL, NULL, NULL, '0000-00-00 00:00:00', NULL, NULL);
INSERT INTO `auxiliar` VALUES (525, 'VHS', 5, 1, NULL, NULL, NULL, '0000-00-00 00:00:00', NULL, NULL);
INSERT INTO `auxiliar` VALUES (526, 'CPU', 15, 1, NULL, NULL, NULL, '0000-00-00 00:00:00', NULL, NULL);
INSERT INTO `auxiliar` VALUES (527, 'MONITOR', 15, 1, NULL, NULL, NULL, '0000-00-00 00:00:00', NULL, NULL);
INSERT INTO `auxiliar` VALUES (528, 'MUEBLE PARA TELEVISOR', 2, 1, NULL, NULL, NULL, '0000-00-00 00:00:00', NULL, NULL);
INSERT INTO `auxiliar` VALUES (529, 'MINICOMPONENTE', 5, 1, NULL, NULL, NULL, '0000-00-00 00:00:00', NULL, NULL);
INSERT INTO `auxiliar` VALUES (530, 'PIZARRA', 6, 1, NULL, NULL, NULL, '0000-00-00 00:00:00', NULL, NULL);
INSERT INTO `auxiliar` VALUES (531, 'RADIO', 5, 1, NULL, NULL, NULL, '0000-00-00 00:00:00', NULL, NULL);
INSERT INTO `auxiliar` VALUES (532, 'ESTANDARTE', 36, 1, NULL, NULL, NULL, '0000-00-00 00:00:00', NULL, NULL);
INSERT INTO `auxiliar` VALUES (533, 'UPS', 15, 1, NULL, NULL, NULL, '0000-00-00 00:00:00', NULL, NULL);
INSERT INTO `auxiliar` VALUES (534, 'BANQUETA', 2, 1, NULL, NULL, NULL, '0000-00-00 00:00:00', NULL, NULL);
INSERT INTO `auxiliar` VALUES (535, 'TAMBOR', 6, 1, NULL, NULL, NULL, '0000-00-00 00:00:00', NULL, NULL);
INSERT INTO `auxiliar` VALUES (536, 'TROMPETA', 6, 1, NULL, NULL, NULL, '0000-00-00 00:00:00', NULL, NULL);
INSERT INTO `auxiliar` VALUES (537, 'BARITONO', 6, 1, NULL, NULL, NULL, '0000-00-00 00:00:00', NULL, NULL);
INSERT INTO `auxiliar` VALUES (538, 'BOMBO', 6, 1, NULL, NULL, NULL, '0000-00-00 00:00:00', NULL, NULL);
INSERT INTO `auxiliar` VALUES (539, 'CABALLETE', 6, 1, NULL, NULL, NULL, '0000-00-00 00:00:00', NULL, NULL);
INSERT INTO `auxiliar` VALUES (540, 'TRAMPOLIN', 6, 1, NULL, NULL, NULL, '0000-00-00 00:00:00', NULL, NULL);
INSERT INTO `auxiliar` VALUES (541, 'MESCLADORA', 5, 1, NULL, NULL, NULL, '0000-00-00 00:00:00', NULL, NULL);
INSERT INTO `auxiliar` VALUES (542, 'COMPACTERA', 5, 1, NULL, NULL, NULL, '0000-00-00 00:00:00', NULL, NULL);
INSERT INTO `auxiliar` VALUES (543, 'PODER DE SONIDO', 5, 1, NULL, NULL, NULL, '0000-00-00 00:00:00', NULL, NULL);
INSERT INTO `auxiliar` VALUES (544, 'PARLANTE', 5, 1, NULL, NULL, NULL, '0000-00-00 00:00:00', NULL, NULL);
INSERT INTO `auxiliar` VALUES (545, 'EDIFICIO', 1, 1, NULL, NULL, NULL, '0000-00-00 00:00:00', NULL, NULL);
INSERT INTO `auxiliar` VALUES (546, 'TERRENO', 34, 1, NULL, NULL, NULL, '0000-00-00 00:00:00', NULL, NULL);
INSERT INTO `auxiliar` VALUES (547, 'ESTANTE', 2, 1, NULL, NULL, NULL, '0000-00-00 00:00:00', NULL, NULL);
INSERT INTO `auxiliar` VALUES (548, 'MAQUINA DE ESCRIBIR', 2, 1, NULL, NULL, NULL, '0000-00-00 00:00:00', NULL, NULL);
INSERT INTO `auxiliar` VALUES (549, 'PIZA', 2, 1, NULL, NULL, NULL, '0000-00-00 00:00:00', NULL, NULL);
INSERT INTO `auxiliar` VALUES (550, 'SILLA ESPECIAL', 6, 1, NULL, NULL, NULL, '0000-00-00 00:00:00', NULL, NULL);
INSERT INTO `auxiliar` VALUES (551, 'MESA ESPECIAL', 6, 1, NULL, NULL, NULL, '0000-00-00 00:00:00', NULL, NULL);
INSERT INTO `auxiliar` VALUES (552, 'PIZARRA', 6, 1, NULL, NULL, NULL, '0000-00-00 00:00:00', NULL, NULL);
INSERT INTO `auxiliar` VALUES (553, 'TELEVISOR', 5, 1, NULL, NULL, NULL, '0000-00-00 00:00:00', NULL, NULL);
INSERT INTO `auxiliar` VALUES (554, 'DVD', 5, 1, NULL, NULL, NULL, '0000-00-00 00:00:00', NULL, NULL);
INSERT INTO `auxiliar` VALUES (555, 'INVERSOR', 24, 1, NULL, NULL, NULL, '0000-00-00 00:00:00', NULL, NULL);
INSERT INTO `auxiliar` VALUES (556, 'PLAQUETA', 24, 1, NULL, NULL, NULL, '0000-00-00 00:00:00', NULL, NULL);
INSERT INTO `auxiliar` VALUES (557, 'PANEL SOLAR', 24, 1, NULL, NULL, NULL, '0000-00-00 00:00:00', NULL, NULL);
INSERT INTO `auxiliar` VALUES (558, 'VHS', 5, 1, NULL, NULL, NULL, '0000-00-00 00:00:00', NULL, NULL);
INSERT INTO `auxiliar` VALUES (559, 'RADIO', 5, 1, NULL, NULL, NULL, '0000-00-00 00:00:00', NULL, NULL);
INSERT INTO `auxiliar` VALUES (560, 'CUADRO', 36, 1, NULL, NULL, NULL, '0000-00-00 00:00:00', NULL, NULL);
INSERT INTO `auxiliar` VALUES (561, 'ESTANDARTE', 36, 1, NULL, NULL, NULL, '0000-00-00 00:00:00', NULL, NULL);
INSERT INTO `auxiliar` VALUES (562, 'EDIFICIO', 1, 1, NULL, NULL, NULL, '0000-00-00 00:00:00', NULL, NULL);
INSERT INTO `auxiliar` VALUES (563, 'TERRENO', 34, 1, NULL, NULL, NULL, '0000-00-00 00:00:00', NULL, NULL);
INSERT INTO `auxiliar` VALUES (564, 'PUPITRE', 6, 1, NULL, NULL, NULL, '0000-00-00 00:00:00', NULL, NULL);
INSERT INTO `auxiliar` VALUES (565, 'TROMPETA', 6, 1, NULL, NULL, NULL, '0000-00-00 00:00:00', NULL, NULL);
INSERT INTO `auxiliar` VALUES (566, 'BARITONO', 6, 1, NULL, NULL, NULL, '0000-00-00 00:00:00', NULL, NULL);
INSERT INTO `auxiliar` VALUES (567, 'BOMBO', 6, 1, NULL, NULL, NULL, '0000-00-00 00:00:00', NULL, NULL);
INSERT INTO `auxiliar` VALUES (568, 'TAMBOR', 6, 1, NULL, NULL, NULL, '0000-00-00 00:00:00', NULL, NULL);
INSERT INTO `auxiliar` VALUES (569, 'PLATILLOS', 6, 1, NULL, NULL, NULL, '0000-00-00 00:00:00', NULL, NULL);
INSERT INTO `auxiliar` VALUES (570, 'CPU', 15, 1, NULL, NULL, NULL, '0000-00-00 00:00:00', NULL, NULL);
INSERT INTO `auxiliar` VALUES (571, 'MONITOR', 15, 1, NULL, NULL, NULL, '0000-00-00 00:00:00', NULL, NULL);
INSERT INTO `auxiliar` VALUES (572, 'UPS', 15, 1, NULL, NULL, NULL, '0000-00-00 00:00:00', NULL, NULL);
INSERT INTO `auxiliar` VALUES (573, 'IMPRESORA', 15, 1, NULL, NULL, NULL, '0000-00-00 00:00:00', NULL, NULL);
INSERT INTO `auxiliar` VALUES (574, 'MUEBLE PARA COMPUTADORA', 2, 1, NULL, NULL, NULL, '0000-00-00 00:00:00', NULL, NULL);
INSERT INTO `auxiliar` VALUES (575, 'EDIFICACION', 1, 1, NULL, NULL, NULL, '0000-00-00 00:00:00', NULL, NULL);
INSERT INTO `auxiliar` VALUES (576, 'TERRENO', 34, 1, NULL, NULL, NULL, '0000-00-00 00:00:00', NULL, NULL);
INSERT INTO `auxiliar` VALUES (577, 'PUPITRE', 6, 1, NULL, NULL, NULL, '0000-00-00 00:00:00', NULL, NULL);
INSERT INTO `auxiliar` VALUES (578, 'PIZARRA', 6, 1, NULL, NULL, NULL, '0000-00-00 00:00:00', NULL, NULL);
INSERT INTO `auxiliar` VALUES (579, 'CPU', 15, 1, NULL, NULL, NULL, '0000-00-00 00:00:00', NULL, NULL);
INSERT INTO `auxiliar` VALUES (580, 'MONITOR', 15, 1, NULL, NULL, NULL, '0000-00-00 00:00:00', NULL, NULL);
INSERT INTO `auxiliar` VALUES (581, 'UPS', 15, 1, NULL, NULL, NULL, '0000-00-00 00:00:00', NULL, NULL);
INSERT INTO `auxiliar` VALUES (582, 'MUEBLE PARA COMPUTADORA', 2, 1, NULL, NULL, NULL, '0000-00-00 00:00:00', NULL, NULL);
INSERT INTO `auxiliar` VALUES (583, 'SILLA', 2, 1, NULL, NULL, NULL, '0000-00-00 00:00:00', NULL, NULL);
INSERT INTO `auxiliar` VALUES (584, 'IMPRESORA', 15, 1, NULL, NULL, NULL, '0000-00-00 00:00:00', NULL, NULL);
INSERT INTO `auxiliar` VALUES (585, 'MESA', 2, 1, NULL, NULL, NULL, '0000-00-00 00:00:00', NULL, NULL);
INSERT INTO `auxiliar` VALUES (586, 'ESTANTE', 2, 1, NULL, NULL, NULL, '0000-00-00 00:00:00', NULL, NULL);
INSERT INTO `auxiliar` VALUES (587, 'MICROSCOPIO', 4, 1, NULL, NULL, NULL, '0000-00-00 00:00:00', NULL, NULL);
INSERT INTO `auxiliar` VALUES (588, 'PROYECTORA', 5, 1, NULL, NULL, NULL, '0000-00-00 00:00:00', NULL, NULL);
INSERT INTO `auxiliar` VALUES (589, 'TROMPETA', 6, 1, NULL, NULL, NULL, '0000-00-00 00:00:00', NULL, NULL);
INSERT INTO `auxiliar` VALUES (590, 'BARITONO', 6, 1, NULL, NULL, NULL, '0000-00-00 00:00:00', NULL, NULL);
INSERT INTO `auxiliar` VALUES (591, 'TAMBOR', 6, 1, NULL, NULL, NULL, '0000-00-00 00:00:00', NULL, NULL);
INSERT INTO `auxiliar` VALUES (592, 'BOMBO', 6, 1, NULL, NULL, NULL, '0000-00-00 00:00:00', NULL, NULL);
INSERT INTO `auxiliar` VALUES (593, 'PLATILLO', 6, 1, NULL, NULL, NULL, '0000-00-00 00:00:00', NULL, NULL);
INSERT INTO `auxiliar` VALUES (594, 'EDIFICIO', 1, 1, NULL, NULL, NULL, '0000-00-00 00:00:00', NULL, NULL);
INSERT INTO `auxiliar` VALUES (595, 'TERRENO', 34, 1, NULL, NULL, NULL, '0000-00-00 00:00:00', NULL, NULL);
INSERT INTO `auxiliar` VALUES (596, 'ESCRITORIO', 2, 1, NULL, NULL, NULL, '0000-00-00 00:00:00', NULL, NULL);
INSERT INTO `auxiliar` VALUES (597, 'SILLA', 2, 1, NULL, NULL, NULL, '0000-00-00 00:00:00', NULL, NULL);
INSERT INTO `auxiliar` VALUES (598, 'ESTANTE', 2, 1, NULL, NULL, NULL, '0000-00-00 00:00:00', NULL, NULL);
INSERT INTO `auxiliar` VALUES (599, 'CASILLERO', 2, 1, NULL, NULL, NULL, '0000-00-00 00:00:00', NULL, NULL);
INSERT INTO `auxiliar` VALUES (600, 'MUEBLE PARA COMPUTADORA', 2, 1, NULL, NULL, NULL, '0000-00-00 00:00:00', NULL, NULL);
INSERT INTO `auxiliar` VALUES (601, 'SILLA GIRATORIA', 2, 1, NULL, NULL, NULL, '0000-00-00 00:00:00', NULL, NULL);
INSERT INTO `auxiliar` VALUES (602, 'BANQUETA', 2, 1, NULL, NULL, NULL, '0000-00-00 00:00:00', NULL, NULL);
INSERT INTO `auxiliar` VALUES (603, 'CPU', 15, 1, NULL, NULL, NULL, '0000-00-00 00:00:00', NULL, NULL);
INSERT INTO `auxiliar` VALUES (604, 'MONITOR', 15, 1, NULL, NULL, NULL, '0000-00-00 00:00:00', NULL, NULL);
INSERT INTO `auxiliar` VALUES (605, 'ESTABILIZADOR', 15, 1, NULL, NULL, NULL, '0000-00-00 00:00:00', NULL, NULL);
INSERT INTO `auxiliar` VALUES (606, 'IMPRESORA', 15, 1, NULL, NULL, NULL, '0000-00-00 00:00:00', NULL, NULL);
INSERT INTO `auxiliar` VALUES (607, 'COMPUTADORA PORTATIL', 15, 1, NULL, NULL, NULL, '0000-00-00 00:00:00', NULL, NULL);
INSERT INTO `auxiliar` VALUES (608, 'BLANCO', 15, 1, NULL, NULL, NULL, '0000-00-00 00:00:00', NULL, NULL);
INSERT INTO `auxiliar` VALUES (609, 'PROYECTORA', 5, 1, NULL, NULL, NULL, '0000-00-00 00:00:00', NULL, NULL);
INSERT INTO `auxiliar` VALUES (610, 'MOTOR GENERADOR', 24, 1, NULL, NULL, NULL, '0000-00-00 00:00:00', NULL, NULL);
INSERT INTO `auxiliar` VALUES (611, 'CUNA DE INTERNACION', 4, 1, NULL, NULL, NULL, '0000-00-00 00:00:00', NULL, NULL);
INSERT INTO `auxiliar` VALUES (612, 'MESA DE PLANCHAR', 20, 1, NULL, NULL, NULL, '0000-00-00 00:00:00', NULL, NULL);
INSERT INTO `auxiliar` VALUES (613, 'SOFA', 2, 1, NULL, NULL, NULL, '0000-00-00 00:00:00', NULL, NULL);
INSERT INTO `auxiliar` VALUES (614, 'CAMA DE INTERNACION', 4, 1, NULL, NULL, NULL, '0000-00-00 00:00:00', NULL, NULL);
INSERT INTO `auxiliar` VALUES (615, 'TALLIMETRO', 4, 1, NULL, NULL, NULL, '0000-00-00 00:00:00', NULL, NULL);
INSERT INTO `auxiliar` VALUES (616, 'BALANZA', 4, 1, NULL, NULL, NULL, '0000-00-00 00:00:00', NULL, NULL);
INSERT INTO `auxiliar` VALUES (617, 'VELADOR', 2, 1, NULL, NULL, NULL, '0000-00-00 00:00:00', NULL, NULL);
INSERT INTO `auxiliar` VALUES (618, 'TELEVISOR', 5, 1, NULL, NULL, NULL, '0000-00-00 00:00:00', NULL, NULL);
INSERT INTO `auxiliar` VALUES (619, 'DVD', 5, 1, NULL, NULL, NULL, '0000-00-00 00:00:00', NULL, NULL);
INSERT INTO `auxiliar` VALUES (620, 'MESA', 2, 1, NULL, NULL, NULL, '0000-00-00 00:00:00', NULL, NULL);
INSERT INTO `auxiliar` VALUES (621, 'HELADERA', 3, 1, NULL, NULL, NULL, '0000-00-00 00:00:00', NULL, NULL);
INSERT INTO `auxiliar` VALUES (622, 'COCINA', 3, 1, NULL, NULL, NULL, '0000-00-00 00:00:00', NULL, NULL);
INSERT INTO `auxiliar` VALUES (623, 'LICUADORA', 3, 1, NULL, NULL, NULL, '0000-00-00 00:00:00', NULL, NULL);
INSERT INTO `auxiliar` VALUES (624, 'EXPRIMIDORA', 3, 1, NULL, NULL, NULL, '0000-00-00 00:00:00', NULL, NULL);
INSERT INTO `auxiliar` VALUES (625, 'FILTRO DE AGUA', 2, 1, NULL, NULL, NULL, '0000-00-00 00:00:00', NULL, NULL);
INSERT INTO `auxiliar` VALUES (626, 'VITRINA', 2, 1, NULL, NULL, NULL, '0000-00-00 00:00:00', NULL, NULL);
INSERT INTO `auxiliar` VALUES (627, 'FOTOCOPIADORA', 2, 1, NULL, NULL, NULL, '0000-00-00 00:00:00', NULL, NULL);
INSERT INTO `auxiliar` VALUES (628, 'TRANSFORMADOR', 15, 1, NULL, NULL, NULL, '0000-00-00 00:00:00', NULL, NULL);
INSERT INTO `auxiliar` VALUES (629, 'AUTOCLAVE', 4, 1, NULL, NULL, NULL, '0000-00-00 00:00:00', NULL, NULL);
INSERT INTO `auxiliar` VALUES (630, 'TABURETE', 2, 1, NULL, NULL, NULL, '0000-00-00 00:00:00', NULL, NULL);
INSERT INTO `auxiliar` VALUES (631, 'MINICOMPONENTE', 5, 1, NULL, NULL, NULL, '0000-00-00 00:00:00', NULL, NULL);
INSERT INTO `auxiliar` VALUES (632, 'UPS', 15, 1, NULL, NULL, NULL, '0000-00-00 00:00:00', NULL, NULL);
INSERT INTO `auxiliar` VALUES (633, 'MEGAFONO', 5, 1, NULL, NULL, NULL, '0000-00-00 00:00:00', NULL, NULL);
INSERT INTO `auxiliar` VALUES (634, 'VHS', 5, 1, NULL, NULL, NULL, '0000-00-00 00:00:00', NULL, NULL);
INSERT INTO `auxiliar` VALUES (635, 'TANQUE DE OXIGENO', 4, 1, NULL, NULL, NULL, '0000-00-00 00:00:00', NULL, NULL);
INSERT INTO `auxiliar` VALUES (636, 'SILLON DENTAL', 4, 1, NULL, NULL, NULL, '0000-00-00 00:00:00', NULL, NULL);
INSERT INTO `auxiliar` VALUES (637, 'COMPRESOR DENTAL', 4, 1, NULL, NULL, NULL, '0000-00-00 00:00:00', NULL, NULL);
INSERT INTO `auxiliar` VALUES (638, 'RAYOS X', 4, 1, NULL, NULL, NULL, '0000-00-00 00:00:00', NULL, NULL);
INSERT INTO `auxiliar` VALUES (639, 'CAMILLA', 4, 1, NULL, NULL, NULL, '0000-00-00 00:00:00', NULL, NULL);
INSERT INTO `auxiliar` VALUES (640, 'SOPORTE', 4, 1, NULL, NULL, NULL, '0000-00-00 00:00:00', NULL, NULL);
INSERT INTO `auxiliar` VALUES (641, 'GRADILLA', 4, 1, NULL, NULL, NULL, '0000-00-00 00:00:00', NULL, NULL);
INSERT INTO `auxiliar` VALUES (642, 'ECOGRAFO', 4, 1, NULL, NULL, NULL, '0000-00-00 00:00:00', NULL, NULL);
INSERT INTO `auxiliar` VALUES (643, 'IMPRESORA ESPECIAL', 4, 1, NULL, NULL, NULL, '0000-00-00 00:00:00', NULL, NULL);
INSERT INTO `auxiliar` VALUES (644, 'DOPLER FETAL', 4, 1, NULL, NULL, NULL, '0000-00-00 00:00:00', NULL, NULL);
INSERT INTO `auxiliar` VALUES (645, 'BIOMBO', 4, 1, NULL, NULL, NULL, '0000-00-00 00:00:00', NULL, NULL);
INSERT INTO `auxiliar` VALUES (646, 'PORTA SUEROS', 4, 1, NULL, NULL, NULL, '0000-00-00 00:00:00', NULL, NULL);
INSERT INTO `auxiliar` VALUES (647, 'TENSIOMETRO', 4, 1, NULL, NULL, NULL, '0000-00-00 00:00:00', NULL, NULL);
INSERT INTO `auxiliar` VALUES (648, 'ESTUFA', 3, 1, NULL, NULL, NULL, '0000-00-00 00:00:00', NULL, NULL);
INSERT INTO `auxiliar` VALUES (649, 'SILLA DE RUEDAS', 4, 1, NULL, NULL, NULL, '0000-00-00 00:00:00', NULL, NULL);
INSERT INTO `auxiliar` VALUES (650, 'MESA DE CURACIONES', 4, 1, NULL, NULL, NULL, '0000-00-00 00:00:00', NULL, NULL);
INSERT INTO `auxiliar` VALUES (651, 'CAMILLA DE INSPECCION', 4, 1, NULL, NULL, NULL, '0000-00-00 00:00:00', NULL, NULL);
INSERT INTO `auxiliar` VALUES (652, 'BRONCO ASPIRADOR', 4, 1, NULL, NULL, NULL, '0000-00-00 00:00:00', NULL, NULL);
INSERT INTO `auxiliar` VALUES (653, 'CONTROLADOR ESPECIAL', 4, 1, NULL, NULL, NULL, '0000-00-00 00:00:00', NULL, NULL);
INSERT INTO `auxiliar` VALUES (654, 'COLCHON TERMICO', 4, 1, NULL, NULL, NULL, '0000-00-00 00:00:00', NULL, NULL);
INSERT INTO `auxiliar` VALUES (655, 'CAJA TOMA PAP', 4, 1, NULL, NULL, NULL, '0000-00-00 00:00:00', NULL, NULL);
INSERT INTO `auxiliar` VALUES (656, 'CAJA LEGRADO', 4, 1, NULL, NULL, NULL, '0000-00-00 00:00:00', NULL, NULL);
INSERT INTO `auxiliar` VALUES (657, 'CAJA DE PARTO', 4, 1, NULL, NULL, NULL, '0000-00-00 00:00:00', NULL, NULL);
INSERT INTO `auxiliar` VALUES (658, 'RESUCITADOR', 4, 1, NULL, NULL, NULL, '0000-00-00 00:00:00', NULL, NULL);
INSERT INTO `auxiliar` VALUES (659, 'LAMPARA', 4, 1, NULL, NULL, NULL, '0000-00-00 00:00:00', NULL, NULL);
INSERT INTO `auxiliar` VALUES (660, 'GABETERO', 2, 1, NULL, NULL, NULL, '0000-00-00 00:00:00', NULL, NULL);
INSERT INTO `auxiliar` VALUES (661, 'SOPORTE DE PARTO', 4, 1, NULL, NULL, NULL, '0000-00-00 00:00:00', NULL, NULL);
INSERT INTO `auxiliar` VALUES (662, 'DETECTOR DE BILLETES', 2, 1, NULL, NULL, NULL, '0000-00-00 00:00:00', NULL, NULL);
INSERT INTO `auxiliar` VALUES (663, 'TARIMA', 2, 1, NULL, NULL, NULL, '0000-00-00 00:00:00', NULL, NULL);
INSERT INTO `auxiliar` VALUES (664, 'ESTERILIZADOR', 4, 1, NULL, NULL, NULL, '0000-00-00 00:00:00', NULL, NULL);
INSERT INTO `auxiliar` VALUES (665, 'NEBULIZADOR', 4, 1, NULL, NULL, NULL, '0000-00-00 00:00:00', NULL, NULL);
INSERT INTO `auxiliar` VALUES (666, 'SILLA ESPECIAL', 6, 1, NULL, NULL, NULL, '0000-00-00 00:00:00', NULL, NULL);
INSERT INTO `auxiliar` VALUES (667, 'PIZARRA ESPECIAL', 2, 1, NULL, NULL, NULL, '0000-00-00 00:00:00', NULL, NULL);
INSERT INTO `auxiliar` VALUES (668, 'HELADERA ESPECIAL', 4, 1, NULL, NULL, NULL, '0000-00-00 00:00:00', NULL, NULL);
INSERT INTO `auxiliar` VALUES (669, 'FREEZER ESPECIAL', 4, 1, NULL, NULL, NULL, '0000-00-00 00:00:00', NULL, NULL);
INSERT INTO `auxiliar` VALUES (670, 'VACIO', 2, 1, NULL, NULL, NULL, '0000-00-00 00:00:00', NULL, NULL);
INSERT INTO `auxiliar` VALUES (671, 'ESTANDARTE', 36, 1, NULL, NULL, NULL, '0000-00-00 00:00:00', NULL, NULL);
INSERT INTO `auxiliar` VALUES (672, 'ECRAM', 5, 1, NULL, NULL, NULL, '0000-00-00 00:00:00', NULL, NULL);
INSERT INTO `auxiliar` VALUES (673, 'STAT FAX', 4, 1, NULL, NULL, NULL, '0000-00-00 00:00:00', NULL, NULL);
INSERT INTO `auxiliar` VALUES (674, 'LECTOR DE ELISAS', 4, 1, NULL, NULL, NULL, '0000-00-00 00:00:00', NULL, NULL);
INSERT INTO `auxiliar` VALUES (675, 'VORTEX', 4, 1, NULL, NULL, NULL, '0000-00-00 00:00:00', NULL, NULL);
INSERT INTO `auxiliar` VALUES (676, 'TIMER', 4, 1, NULL, NULL, NULL, '0000-00-00 00:00:00', NULL, NULL);
INSERT INTO `auxiliar` VALUES (677, 'PIPETA', 4, 1, NULL, NULL, NULL, '0000-00-00 00:00:00', NULL, NULL);
INSERT INTO `auxiliar` VALUES (678, 'MICROSCOPIO', 4, 1, NULL, NULL, NULL, '0000-00-00 00:00:00', NULL, NULL);
INSERT INTO `auxiliar` VALUES (679, 'CONTADOR HEMATOLOGICO', 4, 1, NULL, NULL, NULL, '0000-00-00 00:00:00', NULL, NULL);
INSERT INTO `auxiliar` VALUES (680, 'PORTA PIPETA', 4, 1, NULL, NULL, NULL, '0000-00-00 00:00:00', NULL, NULL);
INSERT INTO `auxiliar` VALUES (681, 'ESTUFA DE CULTIVO', 4, 1, NULL, NULL, NULL, '0000-00-00 00:00:00', NULL, NULL);
INSERT INTO `auxiliar` VALUES (682, 'ESTUFA DE ESTERILIZACION', 4, 1, NULL, NULL, NULL, '0000-00-00 00:00:00', NULL, NULL);
INSERT INTO `auxiliar` VALUES (683, 'BAO MARIA', 4, 1, NULL, NULL, NULL, '0000-00-00 00:00:00', NULL, NULL);
INSERT INTO `auxiliar` VALUES (684, 'CENTRIFUGADORA', 4, 1, NULL, NULL, NULL, '0000-00-00 00:00:00', NULL, NULL);
INSERT INTO `auxiliar` VALUES (685, 'SILLA TOMA DE MUESTRA', 4, 1, NULL, NULL, NULL, '0000-00-00 00:00:00', NULL, NULL);
INSERT INTO `auxiliar` VALUES (686, 'CASILLERO', 20, 1, NULL, NULL, NULL, '0000-00-00 00:00:00', NULL, NULL);
INSERT INTO `auxiliar` VALUES (687, 'ROPERO', 20, 1, NULL, NULL, NULL, '0000-00-00 00:00:00', NULL, NULL);
INSERT INTO `auxiliar` VALUES (688, 'CATRE', 20, 1, NULL, NULL, NULL, '0000-00-00 00:00:00', NULL, NULL);
INSERT INTO `auxiliar` VALUES (689, 'VELADOR', 20, 1, NULL, NULL, NULL, '0000-00-00 00:00:00', NULL, NULL);
INSERT INTO `auxiliar` VALUES (690, 'SILLA', 6, 1, NULL, NULL, NULL, '0000-00-00 00:00:00', NULL, NULL);
INSERT INTO `auxiliar` VALUES (691, 'HELADERA', 20, 1, NULL, NULL, NULL, '0000-00-00 00:00:00', NULL, NULL);
INSERT INTO `auxiliar` VALUES (692, 'FREEZER', 20, 1, NULL, NULL, NULL, '0000-00-00 00:00:00', NULL, NULL);
INSERT INTO `auxiliar` VALUES (693, 'RADIO DE COMUNICACIONES', 5, 1, NULL, NULL, NULL, '0000-00-00 00:00:00', NULL, NULL);
INSERT INTO `auxiliar` VALUES (694, 'REGULADOR DE ENERGIA', 5, 1, NULL, NULL, NULL, '0000-00-00 00:00:00', NULL, NULL);
INSERT INTO `auxiliar` VALUES (695, 'COCINA', 20, 1, NULL, NULL, NULL, '0000-00-00 00:00:00', NULL, NULL);
INSERT INTO `auxiliar` VALUES (696, 'HORNO', 3, 1, NULL, NULL, NULL, '0000-00-00 00:00:00', NULL, NULL);
INSERT INTO `auxiliar` VALUES (697, 'AGITADOR', 4, 1, NULL, NULL, NULL, '0000-00-00 00:00:00', NULL, NULL);
INSERT INTO `auxiliar` VALUES (698, 'VELADOR', 4, 1, NULL, NULL, NULL, '0000-00-00 00:00:00', NULL, NULL);
INSERT INTO `auxiliar` VALUES (699, 'EDIFICIO', 1, 1, NULL, NULL, NULL, '0000-00-00 00:00:00', NULL, NULL);
INSERT INTO `auxiliar` VALUES (700, 'TERRENO', 34, 1, NULL, NULL, NULL, '0000-00-00 00:00:00', NULL, NULL);
INSERT INTO `auxiliar` VALUES (701, 'VAGONETA', 8, 1, NULL, NULL, NULL, '0000-00-00 00:00:00', NULL, NULL);
INSERT INTO `auxiliar` VALUES (702, 'CAMIONETA', 8, 1, NULL, NULL, NULL, '0000-00-00 00:00:00', NULL, NULL);
INSERT INTO `auxiliar` VALUES (703, 'MOTOCICLETA', 8, 1, NULL, NULL, NULL, '0000-00-00 00:00:00', NULL, NULL);
INSERT INTO `auxiliar` VALUES (704, 'RADIO', 5, 1, NULL, NULL, NULL, '0000-00-00 00:00:00', NULL, NULL);
INSERT INTO `auxiliar` VALUES (705, 'SILLA ESPECIAL', 6, 1, NULL, NULL, NULL, '0000-00-00 00:00:00', NULL, NULL);
INSERT INTO `auxiliar` VALUES (706, 'MESA ESPECIAL', 6, 1, NULL, NULL, NULL, '0000-00-00 00:00:00', NULL, NULL);
INSERT INTO `auxiliar` VALUES (707, 'SILLA', 6, 1, NULL, NULL, NULL, '0000-00-00 00:00:00', NULL, NULL);
INSERT INTO `auxiliar` VALUES (708, 'ESTANTE', 6, 1, NULL, NULL, NULL, '0000-00-00 00:00:00', NULL, NULL);
INSERT INTO `auxiliar` VALUES (709, 'PIZARRA', 6, 1, NULL, NULL, NULL, '0000-00-00 00:00:00', NULL, NULL);
INSERT INTO `auxiliar` VALUES (710, 'SILLA', 2, 1, NULL, NULL, NULL, '0000-00-00 00:00:00', NULL, NULL);
INSERT INTO `auxiliar` VALUES (711, 'ESTANTE', 2, 1, NULL, NULL, NULL, '0000-00-00 00:00:00', NULL, NULL);
INSERT INTO `auxiliar` VALUES (712, 'EDIFICIO', 1, 1, NULL, NULL, NULL, '0000-00-00 00:00:00', NULL, NULL);
INSERT INTO `auxiliar` VALUES (713, 'TERRENO', 34, 1, NULL, NULL, NULL, '0000-00-00 00:00:00', NULL, NULL);
INSERT INTO `auxiliar` VALUES (714, 'SILLA ESPECIAL', 6, 1, NULL, NULL, NULL, '0000-00-00 00:00:00', NULL, NULL);
INSERT INTO `auxiliar` VALUES (715, 'MESA ESPECIAL', 6, 1, NULL, NULL, NULL, '0000-00-00 00:00:00', NULL, NULL);
INSERT INTO `auxiliar` VALUES (716, 'DVD', 5, 1, NULL, NULL, NULL, '0000-00-00 00:00:00', NULL, NULL);
INSERT INTO `auxiliar` VALUES (717, 'PANEL SOLAR', 24, 1, NULL, NULL, NULL, '0000-00-00 00:00:00', NULL, NULL);
INSERT INTO `auxiliar` VALUES (718, 'EDIFICIO', 1, 1, NULL, NULL, NULL, '0000-00-00 00:00:00', NULL, NULL);
INSERT INTO `auxiliar` VALUES (719, 'TERRENO', 34, 1, NULL, NULL, NULL, '0000-00-00 00:00:00', NULL, NULL);
INSERT INTO `auxiliar` VALUES (720, 'ESCRITORIO', 2, 1, NULL, NULL, NULL, '0000-00-00 00:00:00', NULL, NULL);
INSERT INTO `auxiliar` VALUES (721, 'SLLA', 2, 1, NULL, NULL, NULL, '0000-00-00 00:00:00', NULL, NULL);
INSERT INTO `auxiliar` VALUES (722, 'GABETERO', 2, 1, NULL, NULL, NULL, '0000-00-00 00:00:00', NULL, NULL);
INSERT INTO `auxiliar` VALUES (723, 'TALLIMETRO', 4, 1, NULL, NULL, NULL, '0000-00-00 00:00:00', NULL, NULL);
INSERT INTO `auxiliar` VALUES (724, 'GRADILLA', 4, 1, NULL, NULL, NULL, '0000-00-00 00:00:00', NULL, NULL);
INSERT INTO `auxiliar` VALUES (725, 'CAMILLA', 4, 1, NULL, NULL, NULL, '0000-00-00 00:00:00', NULL, NULL);
INSERT INTO `auxiliar` VALUES (726, 'DOPLER', 4, 1, NULL, NULL, NULL, '0000-00-00 00:00:00', NULL, NULL);
INSERT INTO `auxiliar` VALUES (727, 'BALANZA', 4, 1, NULL, NULL, NULL, '0000-00-00 00:00:00', NULL, NULL);
INSERT INTO `auxiliar` VALUES (728, 'HELADERA', 4, 1, NULL, NULL, NULL, '0000-00-00 00:00:00', NULL, NULL);
INSERT INTO `auxiliar` VALUES (729, 'ESTANTE', 2, 1, NULL, NULL, NULL, '0000-00-00 00:00:00', NULL, NULL);
INSERT INTO `auxiliar` VALUES (730, 'TARIMA', 2, 1, NULL, NULL, NULL, '0000-00-00 00:00:00', NULL, NULL);
INSERT INTO `auxiliar` VALUES (731, 'BANQUETA', 2, 1, NULL, NULL, NULL, '0000-00-00 00:00:00', NULL, NULL);
INSERT INTO `auxiliar` VALUES (732, 'MESA', 2, 1, NULL, NULL, NULL, '0000-00-00 00:00:00', NULL, NULL);
INSERT INTO `auxiliar` VALUES (733, 'CAMA INTERNACION', 4, 1, NULL, NULL, NULL, '0000-00-00 00:00:00', NULL, NULL);
INSERT INTO `auxiliar` VALUES (734, 'BIOMNBO', 4, 1, NULL, NULL, NULL, '0000-00-00 00:00:00', NULL, NULL);
INSERT INTO `auxiliar` VALUES (735, 'PORTA SUEROS', 4, 1, NULL, NULL, NULL, '0000-00-00 00:00:00', NULL, NULL);
INSERT INTO `auxiliar` VALUES (736, 'VITRINA', 2, 1, NULL, NULL, NULL, '0000-00-00 00:00:00', NULL, NULL);
INSERT INTO `auxiliar` VALUES (737, 'CPU', 15, 1, NULL, NULL, NULL, '0000-00-00 00:00:00', NULL, NULL);
INSERT INTO `auxiliar` VALUES (738, 'MONITOR', 15, 1, NULL, NULL, NULL, '0000-00-00 00:00:00', NULL, NULL);
INSERT INTO `auxiliar` VALUES (739, 'IMPRESORA', 15, 1, NULL, NULL, NULL, '0000-00-00 00:00:00', NULL, NULL);
INSERT INTO `auxiliar` VALUES (740, 'UPS', 15, 1, NULL, NULL, NULL, '0000-00-00 00:00:00', NULL, NULL);
INSERT INTO `auxiliar` VALUES (741, 'LAMPARA', 4, 1, NULL, NULL, NULL, '0000-00-00 00:00:00', NULL, NULL);
INSERT INTO `auxiliar` VALUES (742, 'ESTERILIZADOR', 4, 1, NULL, NULL, NULL, '0000-00-00 00:00:00', NULL, NULL);
INSERT INTO `auxiliar` VALUES (743, 'NEBULIZADOR', 4, 1, NULL, NULL, NULL, '0000-00-00 00:00:00', NULL, NULL);
INSERT INTO `auxiliar` VALUES (744, 'CARRO DE CURACIONES', 4, 1, NULL, NULL, NULL, '0000-00-00 00:00:00', NULL, NULL);
INSERT INTO `auxiliar` VALUES (745, 'DOPPLEX', 4, 1, NULL, NULL, NULL, '0000-00-00 00:00:00', NULL, NULL);
INSERT INTO `auxiliar` VALUES (746, 'VELADOR', 4, 1, NULL, NULL, NULL, '0000-00-00 00:00:00', NULL, NULL);
INSERT INTO `auxiliar` VALUES (747, 'COCINA', 3, 1, NULL, NULL, NULL, '0000-00-00 00:00:00', NULL, NULL);
INSERT INTO `auxiliar` VALUES (748, 'COCINA', 13, 1, NULL, NULL, NULL, '0000-00-00 00:00:00', NULL, NULL);
INSERT INTO `auxiliar` VALUES (749, 'PANEL SOLAR', 24, 1, NULL, NULL, NULL, '0000-00-00 00:00:00', NULL, NULL);
INSERT INTO `auxiliar` VALUES (750, 'SILLA DE RUEDAS', 4, 1, NULL, NULL, NULL, '0000-00-00 00:00:00', NULL, NULL);
INSERT INTO `auxiliar` VALUES (751, 'ROCIADORA', 13, 1, NULL, NULL, NULL, '0000-00-00 00:00:00', NULL, NULL);
INSERT INTO `auxiliar` VALUES (752, 'EDIFICIO', 1, 1, NULL, NULL, NULL, '0000-00-00 00:00:00', NULL, NULL);
INSERT INTO `auxiliar` VALUES (753, 'TERRENO', 34, 1, NULL, NULL, NULL, '0000-00-00 00:00:00', NULL, NULL);
INSERT INTO `auxiliar` VALUES (754, 'MOTOCICLETA', 8, 1, NULL, NULL, NULL, '0000-00-00 00:00:00', NULL, NULL);
INSERT INTO `auxiliar` VALUES (755, 'RADIO DE COMUNICACIONES', 5, 1, NULL, NULL, NULL, '0000-00-00 00:00:00', NULL, NULL);
INSERT INTO `auxiliar` VALUES (756, 'REGULADOR ENERGIA', 5, 1, NULL, NULL, NULL, '0000-00-00 00:00:00', NULL, NULL);
INSERT INTO `auxiliar` VALUES (757, 'ESCRITORIO', 2, 1, NULL, NULL, NULL, '0000-00-00 00:00:00', NULL, NULL);
INSERT INTO `auxiliar` VALUES (758, 'SILLA', 2, 1, NULL, NULL, NULL, '0000-00-00 00:00:00', NULL, NULL);
INSERT INTO `auxiliar` VALUES (759, 'MESA', 2, 1, NULL, NULL, NULL, '0000-00-00 00:00:00', NULL, NULL);
INSERT INTO `auxiliar` VALUES (760, 'CPU', 15, 1, NULL, NULL, NULL, '0000-00-00 00:00:00', NULL, NULL);
INSERT INTO `auxiliar` VALUES (761, 'MONITOR', 15, 1, NULL, NULL, NULL, '0000-00-00 00:00:00', NULL, NULL);
INSERT INTO `auxiliar` VALUES (762, 'IMPRESORA', 15, 1, NULL, NULL, NULL, '0000-00-00 00:00:00', NULL, NULL);
INSERT INTO `auxiliar` VALUES (763, 'RADIO', 5, 1, NULL, NULL, NULL, '0000-00-00 00:00:00', NULL, NULL);
INSERT INTO `auxiliar` VALUES (764, 'TRANSFORMADOR ENERGIA', 5, 1, NULL, NULL, NULL, '0000-00-00 00:00:00', NULL, NULL);
INSERT INTO `auxiliar` VALUES (765, 'UPS', 15, 1, NULL, NULL, NULL, '0000-00-00 00:00:00', NULL, NULL);
INSERT INTO `auxiliar` VALUES (766, 'CAMILLA', 4, 1, NULL, NULL, NULL, '0000-00-00 00:00:00', NULL, NULL);
INSERT INTO `auxiliar` VALUES (767, 'BALANZA', 4, 1, NULL, NULL, NULL, '0000-00-00 00:00:00', NULL, NULL);
INSERT INTO `auxiliar` VALUES (768, 'GRADILLA', 4, 1, NULL, NULL, NULL, '0000-00-00 00:00:00', NULL, NULL);
INSERT INTO `auxiliar` VALUES (769, 'MESA DE CURACIONES', 4, 1, NULL, NULL, NULL, '0000-00-00 00:00:00', NULL, NULL);
INSERT INTO `auxiliar` VALUES (770, 'DOPLER', 4, 1, NULL, NULL, NULL, '0000-00-00 00:00:00', NULL, NULL);
INSERT INTO `auxiliar` VALUES (771, 'ESTANTE', 2, 1, NULL, NULL, NULL, '0000-00-00 00:00:00', NULL, NULL);
INSERT INTO `auxiliar` VALUES (772, 'GABETERO', 2, 1, NULL, NULL, NULL, '0000-00-00 00:00:00', NULL, NULL);
INSERT INTO `auxiliar` VALUES (773, 'TABURETE', 2, 1, NULL, NULL, NULL, '0000-00-00 00:00:00', NULL, NULL);
INSERT INTO `auxiliar` VALUES (774, 'TALLIMETRO', 4, 1, NULL, NULL, NULL, '0000-00-00 00:00:00', NULL, NULL);
INSERT INTO `auxiliar` VALUES (775, 'HELADERA ESPECIAL', 4, 1, NULL, NULL, NULL, '0000-00-00 00:00:00', NULL, NULL);
INSERT INTO `auxiliar` VALUES (776, 'ESTERILIZADOR', 4, 1, NULL, NULL, NULL, '0000-00-00 00:00:00', NULL, NULL);
INSERT INTO `auxiliar` VALUES (777, 'VITRINA', 2, 1, NULL, NULL, NULL, '0000-00-00 00:00:00', NULL, NULL);
INSERT INTO `auxiliar` VALUES (778, 'CATRE DE INTERNACION', 4, 1, NULL, NULL, NULL, '0000-00-00 00:00:00', NULL, NULL);
INSERT INTO `auxiliar` VALUES (779, 'VELADOR', 20, 1, NULL, NULL, NULL, '0000-00-00 00:00:00', NULL, NULL);
INSERT INTO `auxiliar` VALUES (780, 'ROPERO', 20, 1, NULL, NULL, NULL, '0000-00-00 00:00:00', NULL, NULL);
INSERT INTO `auxiliar` VALUES (781, 'BIOMBO', 4, 1, NULL, NULL, NULL, '0000-00-00 00:00:00', NULL, NULL);
INSERT INTO `auxiliar` VALUES (782, 'PORTA SUEROS', 4, 1, NULL, NULL, NULL, '0000-00-00 00:00:00', NULL, NULL);
INSERT INTO `auxiliar` VALUES (783, 'TANQUE DE OXIGENO', 4, 1, NULL, NULL, NULL, '0000-00-00 00:00:00', NULL, NULL);
INSERT INTO `auxiliar` VALUES (784, 'CAMILLA GINEGOLOGICA', 4, 1, NULL, NULL, NULL, '0000-00-00 00:00:00', NULL, NULL);
INSERT INTO `auxiliar` VALUES (785, 'MESA ESPECIAL', 4, 1, NULL, NULL, NULL, '0000-00-00 00:00:00', NULL, NULL);
INSERT INTO `auxiliar` VALUES (786, 'LAMPARA', 4, 1, NULL, NULL, NULL, '0000-00-00 00:00:00', NULL, NULL);
INSERT INTO `auxiliar` VALUES (787, 'NEBULIZADOR', 4, 1, NULL, NULL, NULL, '0000-00-00 00:00:00', NULL, NULL);
INSERT INTO `auxiliar` VALUES (788, 'SILLA DE RUEDAS', 4, 1, NULL, NULL, NULL, '0000-00-00 00:00:00', NULL, NULL);
INSERT INTO `auxiliar` VALUES (789, 'BANQUETA', 2, 1, NULL, NULL, NULL, '0000-00-00 00:00:00', NULL, NULL);
INSERT INTO `auxiliar` VALUES (790, 'EDIFICIO', 1, 1, NULL, NULL, NULL, '0000-00-00 00:00:00', NULL, NULL);
INSERT INTO `auxiliar` VALUES (791, 'TERRENO', 34, 1, NULL, NULL, NULL, '0000-00-00 00:00:00', NULL, NULL);
INSERT INTO `auxiliar` VALUES (792, 'MOTOCICLETA', 8, 1, NULL, NULL, NULL, '0000-00-00 00:00:00', NULL, NULL);
INSERT INTO `auxiliar` VALUES (793, 'ESCRITORIO', 2, 1, NULL, NULL, NULL, '0000-00-00 00:00:00', NULL, NULL);
INSERT INTO `auxiliar` VALUES (794, 'SILLA', 2, 1, NULL, NULL, NULL, '0000-00-00 00:00:00', NULL, NULL);
INSERT INTO `auxiliar` VALUES (795, 'GABETERO', 2, 1, NULL, NULL, NULL, '0000-00-00 00:00:00', NULL, NULL);
INSERT INTO `auxiliar` VALUES (796, 'ESTANTE', 2, 1, NULL, NULL, NULL, '0000-00-00 00:00:00', NULL, NULL);
INSERT INTO `auxiliar` VALUES (797, 'BIOMBO', 4, 1, NULL, NULL, NULL, '0000-00-00 00:00:00', NULL, NULL);
INSERT INTO `auxiliar` VALUES (798, 'GRADILLA', 4, 1, NULL, NULL, NULL, '0000-00-00 00:00:00', NULL, NULL);
INSERT INTO `auxiliar` VALUES (799, 'TALLIMETRO', 4, 1, NULL, NULL, NULL, '0000-00-00 00:00:00', NULL, NULL);
INSERT INTO `auxiliar` VALUES (800, 'CAMILLA DE EXAMINACION', 4, 1, NULL, NULL, NULL, '0000-00-00 00:00:00', NULL, NULL);
INSERT INTO `auxiliar` VALUES (801, 'BALANZA', 4, 1, NULL, NULL, NULL, '0000-00-00 00:00:00', NULL, NULL);
INSERT INTO `auxiliar` VALUES (802, 'COMPUTADORA PORTATIL', 15, 1, NULL, NULL, NULL, '0000-00-00 00:00:00', NULL, NULL);
INSERT INTO `auxiliar` VALUES (803, 'VITRINA', 2, 1, NULL, NULL, NULL, '0000-00-00 00:00:00', NULL, NULL);
INSERT INTO `auxiliar` VALUES (804, 'CARRO DE CURACIONES', 4, 1, NULL, NULL, NULL, '0000-00-00 00:00:00', NULL, NULL);
INSERT INTO `auxiliar` VALUES (805, 'PORTA SUEROS', 4, 1, NULL, NULL, NULL, '0000-00-00 00:00:00', NULL, NULL);
INSERT INTO `auxiliar` VALUES (806, 'CAMILLA GINECOLOGICA', 4, 1, NULL, NULL, NULL, '0000-00-00 00:00:00', NULL, NULL);
INSERT INTO `auxiliar` VALUES (807, 'LAMPARA', 4, 1, NULL, NULL, NULL, '0000-00-00 00:00:00', NULL, NULL);
INSERT INTO `auxiliar` VALUES (808, 'NEBULIZADOR', 4, 1, NULL, NULL, NULL, '0000-00-00 00:00:00', NULL, NULL);
INSERT INTO `auxiliar` VALUES (809, 'SILLA GIRATORIA', 4, 1, NULL, NULL, NULL, '0000-00-00 00:00:00', NULL, NULL);
INSERT INTO `auxiliar` VALUES (810, 'CAMA DE INTERNACION', 4, 1, NULL, NULL, NULL, '0000-00-00 00:00:00', NULL, NULL);
INSERT INTO `auxiliar` VALUES (811, 'VELADOR', 20, 1, NULL, NULL, NULL, '0000-00-00 00:00:00', NULL, NULL);
INSERT INTO `auxiliar` VALUES (812, 'DISPENSADOR', 2, 1, NULL, NULL, NULL, '0000-00-00 00:00:00', NULL, NULL);
INSERT INTO `auxiliar` VALUES (813, 'RADIO', 5, 1, NULL, NULL, NULL, '0000-00-00 00:00:00', NULL, NULL);
INSERT INTO `auxiliar` VALUES (814, 'REGULADOR DE ENERGIA', 5, 1, NULL, NULL, NULL, '0000-00-00 00:00:00', NULL, NULL);
INSERT INTO `auxiliar` VALUES (815, 'COCINA', 13, 1, NULL, NULL, NULL, '0000-00-00 00:00:00', NULL, NULL);
INSERT INTO `auxiliar` VALUES (816, 'MOTOR GENERADOR', 24, 1, NULL, NULL, NULL, '0000-00-00 00:00:00', NULL, NULL);
INSERT INTO `auxiliar` VALUES (817, 'SILLA DE RUEDAS', 4, 1, NULL, NULL, NULL, '0000-00-00 00:00:00', NULL, NULL);
INSERT INTO `auxiliar` VALUES (818, 'SILLON ODONTOLOGICO', 4, 1, NULL, NULL, NULL, '0000-00-00 00:00:00', NULL, NULL);
INSERT INTO `auxiliar` VALUES (819, 'CATRE', 20, 1, NULL, NULL, NULL, '0000-00-00 00:00:00', NULL, NULL);
INSERT INTO `auxiliar` VALUES (820, 'BANQUETA', 2, 1, NULL, NULL, NULL, '0000-00-00 00:00:00', NULL, NULL);
INSERT INTO `auxiliar` VALUES (821, 'REFRIGERADOR', 4, 1, NULL, NULL, NULL, '0000-00-00 00:00:00', NULL, NULL);
INSERT INTO `auxiliar` VALUES (822, 'MESA', 2, 1, NULL, NULL, NULL, '0000-00-00 00:00:00', NULL, NULL);
INSERT INTO `auxiliar` VALUES (823, 'AUTOCLAVE', 4, 1, NULL, NULL, NULL, '0000-00-00 00:00:00', NULL, NULL);
INSERT INTO `auxiliar` VALUES (824, 'PANEL SOLAR', 24, 1, NULL, NULL, NULL, '0000-00-00 00:00:00', NULL, NULL);
INSERT INTO `auxiliar` VALUES (825, 'EDIFICIOS', 1, 1, NULL, NULL, NULL, '0000-00-00 00:00:00', NULL, NULL);
INSERT INTO `auxiliar` VALUES (826, 'TERRENO', 34, 1, NULL, NULL, NULL, '0000-00-00 00:00:00', NULL, NULL);
INSERT INTO `auxiliar` VALUES (827, 'VAGONETA', 8, 1, NULL, NULL, NULL, '0000-00-00 00:00:00', NULL, NULL);
INSERT INTO `auxiliar` VALUES (828, 'MOTOCICLETA', 8, 1, NULL, NULL, NULL, '0000-00-00 00:00:00', NULL, NULL);
INSERT INTO `auxiliar` VALUES (829, 'ESCRITORIO', 2, 1, NULL, NULL, NULL, '0000-00-00 00:00:00', NULL, NULL);
INSERT INTO `auxiliar` VALUES (830, 'CAMILLA DE INSPECCION', 4, 1, NULL, NULL, NULL, '0000-00-00 00:00:00', NULL, NULL);
INSERT INTO `auxiliar` VALUES (831, 'TALLIMETRO', 4, 1, NULL, NULL, NULL, '0000-00-00 00:00:00', NULL, NULL);
INSERT INTO `auxiliar` VALUES (832, 'NEBULIZADOR', 4, 1, NULL, NULL, NULL, '0000-00-00 00:00:00', NULL, NULL);
INSERT INTO `auxiliar` VALUES (833, 'LAMPARA', 4, 1, NULL, NULL, NULL, '0000-00-00 00:00:00', NULL, NULL);
INSERT INTO `auxiliar` VALUES (834, 'SILLON ODONTOLOGICO', 4, 1, NULL, NULL, NULL, '0000-00-00 00:00:00', NULL, NULL);
INSERT INTO `auxiliar` VALUES (835, 'COMPRESORA AIRE', 4, 1, NULL, NULL, NULL, '0000-00-00 00:00:00', NULL, NULL);
INSERT INTO `auxiliar` VALUES (836, 'TURBINA', 4, 1, NULL, NULL, NULL, '0000-00-00 00:00:00', NULL, NULL);
INSERT INTO `auxiliar` VALUES (837, 'ESTANTE', 2, 1, NULL, NULL, NULL, '0000-00-00 00:00:00', NULL, NULL);
INSERT INTO `auxiliar` VALUES (838, 'MUEBLE PARA COMPUTADORA', 2, 1, NULL, NULL, NULL, '0000-00-00 00:00:00', NULL, NULL);
INSERT INTO `auxiliar` VALUES (839, 'GABETERO', 2, 1, NULL, NULL, NULL, '0000-00-00 00:00:00', NULL, NULL);
INSERT INTO `auxiliar` VALUES (840, 'SILLA', 2, 1, NULL, NULL, NULL, '0000-00-00 00:00:00', NULL, NULL);
INSERT INTO `auxiliar` VALUES (841, 'BIOMBO', 4, 1, NULL, NULL, NULL, '0000-00-00 00:00:00', NULL, NULL);
INSERT INTO `auxiliar` VALUES (842, 'GRADILLA', 4, 1, NULL, NULL, NULL, '0000-00-00 00:00:00', NULL, NULL);
INSERT INTO `auxiliar` VALUES (843, 'CPU', 15, 1, NULL, NULL, NULL, '0000-00-00 00:00:00', NULL, NULL);
INSERT INTO `auxiliar` VALUES (844, 'MONITOR', 15, 1, NULL, NULL, NULL, '0000-00-00 00:00:00', NULL, NULL);
INSERT INTO `auxiliar` VALUES (845, 'IMPRESORA', 15, 1, NULL, NULL, NULL, '0000-00-00 00:00:00', NULL, NULL);
INSERT INTO `auxiliar` VALUES (846, 'ESTABILIZADOR', 15, 1, NULL, NULL, NULL, '0000-00-00 00:00:00', NULL, NULL);
INSERT INTO `auxiliar` VALUES (847, 'BALANZA', 4, 1, NULL, NULL, NULL, '0000-00-00 00:00:00', NULL, NULL);
INSERT INTO `auxiliar` VALUES (848, 'SILLA GIRATORIA', 2, 1, NULL, NULL, NULL, '0000-00-00 00:00:00', NULL, NULL);
INSERT INTO `auxiliar` VALUES (849, 'VITRINA', 2, 1, NULL, NULL, NULL, '0000-00-00 00:00:00', NULL, NULL);
INSERT INTO `auxiliar` VALUES (850, 'PORTA SUEROS', 4, 1, NULL, NULL, NULL, '0000-00-00 00:00:00', NULL, NULL);
INSERT INTO `auxiliar` VALUES (851, 'SILLA DE RUEDAS', 4, 1, NULL, NULL, NULL, '0000-00-00 00:00:00', NULL, NULL);
INSERT INTO `auxiliar` VALUES (852, 'CARRO DE CURACIONES', 4, 1, NULL, NULL, NULL, '0000-00-00 00:00:00', NULL, NULL);
INSERT INTO `auxiliar` VALUES (853, 'AUTOCLAVE', 4, 1, NULL, NULL, NULL, '0000-00-00 00:00:00', NULL, NULL);
INSERT INTO `auxiliar` VALUES (854, 'CAMA DE INTERNACION', 4, 1, NULL, NULL, NULL, '0000-00-00 00:00:00', NULL, NULL);
INSERT INTO `auxiliar` VALUES (855, 'MESA', 2, 1, NULL, NULL, NULL, '0000-00-00 00:00:00', NULL, NULL);
INSERT INTO `auxiliar` VALUES (856, 'HELADERA', 4, 1, NULL, NULL, NULL, '0000-00-00 00:00:00', NULL, NULL);
INSERT INTO `auxiliar` VALUES (857, 'BANQUETA', 2, 1, NULL, NULL, NULL, '0000-00-00 00:00:00', NULL, NULL);
INSERT INTO `auxiliar` VALUES (858, 'HELADERA', 3, 1, NULL, NULL, NULL, '0000-00-00 00:00:00', NULL, NULL);
INSERT INTO `auxiliar` VALUES (859, 'EDIFICIOS', 1, 1, NULL, NULL, NULL, '0000-00-00 00:00:00', NULL, NULL);
INSERT INTO `auxiliar` VALUES (860, 'TERRENO', 34, 1, NULL, NULL, NULL, '0000-00-00 00:00:00', NULL, NULL);
INSERT INTO `auxiliar` VALUES (861, 'MOTOCICLETA', 8, 1, NULL, NULL, NULL, '0000-00-00 00:00:00', NULL, NULL);
INSERT INTO `auxiliar` VALUES (862, 'ESCRITORIO', 2, 1, NULL, NULL, NULL, '0000-00-00 00:00:00', NULL, NULL);
INSERT INTO `auxiliar` VALUES (863, 'SILLA', 2, 1, NULL, NULL, NULL, '0000-00-00 00:00:00', NULL, NULL);
INSERT INTO `auxiliar` VALUES (864, 'ESTANTE', 2, 1, NULL, NULL, NULL, '0000-00-00 00:00:00', NULL, NULL);
INSERT INTO `auxiliar` VALUES (865, 'VITRINA', 2, 1, NULL, NULL, NULL, '0000-00-00 00:00:00', NULL, NULL);
INSERT INTO `auxiliar` VALUES (866, 'GABETERO', 2, 1, NULL, NULL, NULL, '0000-00-00 00:00:00', NULL, NULL);
INSERT INTO `auxiliar` VALUES (867, 'BANCO', 2, 1, NULL, NULL, NULL, '0000-00-00 00:00:00', NULL, NULL);
INSERT INTO `auxiliar` VALUES (868, 'TALLIMETRO', 4, 1, NULL, NULL, NULL, '0000-00-00 00:00:00', NULL, NULL);
INSERT INTO `auxiliar` VALUES (869, 'BALANZA', 4, 1, NULL, NULL, NULL, '0000-00-00 00:00:00', NULL, NULL);
INSERT INTO `auxiliar` VALUES (870, 'BIOMBO', 4, 1, NULL, NULL, NULL, '0000-00-00 00:00:00', NULL, NULL);
INSERT INTO `auxiliar` VALUES (871, 'CARRO DE CURACIONES', 4, 1, NULL, NULL, NULL, '0000-00-00 00:00:00', NULL, NULL);
INSERT INTO `auxiliar` VALUES (872, 'CAMILLA', 4, 1, NULL, NULL, NULL, '0000-00-00 00:00:00', NULL, NULL);
INSERT INTO `auxiliar` VALUES (873, 'GRADILLA', 4, 1, NULL, NULL, NULL, '0000-00-00 00:00:00', NULL, NULL);
INSERT INTO `auxiliar` VALUES (874, 'DOPLER', 4, 1, NULL, NULL, NULL, '0000-00-00 00:00:00', NULL, NULL);
INSERT INTO `auxiliar` VALUES (875, 'HELADERA', 4, 1, NULL, NULL, NULL, '0000-00-00 00:00:00', NULL, NULL);
INSERT INTO `auxiliar` VALUES (876, 'CATRE', 4, 1, NULL, NULL, NULL, '0000-00-00 00:00:00', NULL, NULL);
INSERT INTO `auxiliar` VALUES (877, 'SILLA DE RUEDAS', 4, 1, NULL, NULL, NULL, '0000-00-00 00:00:00', NULL, NULL);
INSERT INTO `auxiliar` VALUES (878, 'VELADOR', 2, 1, NULL, NULL, NULL, '0000-00-00 00:00:00', NULL, NULL);
INSERT INTO `auxiliar` VALUES (879, 'PORTA SUEROS', 4, 1, NULL, NULL, NULL, '0000-00-00 00:00:00', NULL, NULL);
INSERT INTO `auxiliar` VALUES (880, 'LAMPARA', 4, 1, NULL, NULL, NULL, '0000-00-00 00:00:00', NULL, NULL);
INSERT INTO `auxiliar` VALUES (881, 'PANEL SOLAR', 24, 1, NULL, NULL, NULL, '0000-00-00 00:00:00', NULL, NULL);
INSERT INTO `auxiliar` VALUES (882, 'ESTUFA ELECTRICA', 24, 1, NULL, NULL, NULL, '0000-00-00 00:00:00', NULL, NULL);
INSERT INTO `auxiliar` VALUES (883, 'RADIO', 5, 1, NULL, NULL, NULL, '0000-00-00 00:00:00', NULL, NULL);
INSERT INTO `auxiliar` VALUES (884, 'EDIFICIO', 1, 1, NULL, NULL, NULL, '0000-00-00 00:00:00', NULL, NULL);
INSERT INTO `auxiliar` VALUES (885, 'TERRENO', 34, 1, NULL, NULL, NULL, '0000-00-00 00:00:00', NULL, NULL);
INSERT INTO `auxiliar` VALUES (886, 'MOTOCICLETA', 8, 1, NULL, NULL, NULL, '0000-00-00 00:00:00', NULL, NULL);
INSERT INTO `auxiliar` VALUES (887, 'ESCRITORIO', 2, 1, NULL, NULL, NULL, '0000-00-00 00:00:00', NULL, NULL);
INSERT INTO `auxiliar` VALUES (888, 'VITRINA', 2, 1, NULL, NULL, NULL, '0000-00-00 00:00:00', NULL, NULL);
INSERT INTO `auxiliar` VALUES (889, 'ESTANTE', 2, 1, NULL, NULL, NULL, '0000-00-00 00:00:00', NULL, NULL);
INSERT INTO `auxiliar` VALUES (890, 'SILLA GIRATORIA', 2, 1, NULL, NULL, NULL, '0000-00-00 00:00:00', NULL, NULL);
INSERT INTO `auxiliar` VALUES (891, 'TELEVISOR', 5, 1, NULL, NULL, NULL, '0000-00-00 00:00:00', NULL, NULL);
INSERT INTO `auxiliar` VALUES (892, 'SILLA', 2, 1, NULL, NULL, NULL, '0000-00-00 00:00:00', NULL, NULL);
INSERT INTO `auxiliar` VALUES (893, 'IMPRESORA', 15, 1, NULL, NULL, NULL, '0000-00-00 00:00:00', NULL, NULL);
INSERT INTO `auxiliar` VALUES (894, 'COMPUTADORA PORTATIL', 15, 1, NULL, NULL, NULL, '0000-00-00 00:00:00', NULL, NULL);
INSERT INTO `auxiliar` VALUES (895, 'BUZON', 2, 1, NULL, NULL, NULL, '0000-00-00 00:00:00', NULL, NULL);
INSERT INTO `auxiliar` VALUES (896, 'MUEBLE PARA COMPUTADORA', 2, 1, NULL, NULL, NULL, '0000-00-00 00:00:00', NULL, NULL);
INSERT INTO `auxiliar` VALUES (897, 'GABETERO', 2, 1, NULL, NULL, NULL, '0000-00-00 00:00:00', NULL, NULL);
INSERT INTO `auxiliar` VALUES (898, 'CPU', 15, 1, NULL, NULL, NULL, '0000-00-00 00:00:00', NULL, NULL);
INSERT INTO `auxiliar` VALUES (899, 'MONITOR', 15, 1, NULL, NULL, NULL, '0000-00-00 00:00:00', NULL, NULL);
INSERT INTO `auxiliar` VALUES (900, 'ESTABILIZADOR', 15, 1, NULL, NULL, NULL, '0000-00-00 00:00:00', NULL, NULL);
INSERT INTO `auxiliar` VALUES (901, 'MAQUINA DE ESCRIBIR', 2, 1, NULL, NULL, NULL, '0000-00-00 00:00:00', NULL, NULL);
INSERT INTO `auxiliar` VALUES (902, 'UPS', 15, 1, NULL, NULL, NULL, '0000-00-00 00:00:00', NULL, NULL);
INSERT INTO `auxiliar` VALUES (903, 'SCANNER', 15, 1, NULL, NULL, NULL, '0000-00-00 00:00:00', NULL, NULL);
INSERT INTO `auxiliar` VALUES (904, 'ANILLADORA', 2, 1, NULL, NULL, NULL, '0000-00-00 00:00:00', NULL, NULL);
INSERT INTO `auxiliar` VALUES (905, 'MESA', 2, 1, NULL, NULL, NULL, '0000-00-00 00:00:00', NULL, NULL);
INSERT INTO `auxiliar` VALUES (906, 'TERMOVENTILADORA', 2, 1, NULL, NULL, NULL, '0000-00-00 00:00:00', NULL, NULL);
INSERT INTO `auxiliar` VALUES (907, 'LIVING', 2, 1, NULL, NULL, NULL, '0000-00-00 00:00:00', NULL, NULL);
INSERT INTO `auxiliar` VALUES (908, 'HUB', 15, 1, NULL, NULL, NULL, '0000-00-00 00:00:00', NULL, NULL);
INSERT INTO `auxiliar` VALUES (909, 'LECTOR DE HUELLAS', 15, 1, NULL, NULL, NULL, '0000-00-00 00:00:00', NULL, NULL);
INSERT INTO `auxiliar` VALUES (910, 'FOTOCOPIADORA', 2, 1, NULL, NULL, NULL, '0000-00-00 00:00:00', NULL, NULL);
INSERT INTO `auxiliar` VALUES (911, 'TRANSFORMADOR', 15, 1, NULL, NULL, NULL, '0000-00-00 00:00:00', NULL, NULL);
INSERT INTO `auxiliar` VALUES (912, 'CUADRO', 36, 1, NULL, NULL, NULL, '0000-00-00 00:00:00', NULL, NULL);
INSERT INTO `auxiliar` VALUES (913, 'MUEBLE DE AVISOS', 2, 1, NULL, NULL, NULL, '0000-00-00 00:00:00', NULL, NULL);
INSERT INTO `auxiliar` VALUES (914, 'RIFLE', 36, 1, NULL, NULL, NULL, '0000-00-00 00:00:00', NULL, NULL);
INSERT INTO `auxiliar` VALUES (915, 'CAMARA FOTOGRAFICA', 5, 1, NULL, NULL, NULL, '0000-00-00 00:00:00', NULL, NULL);
INSERT INTO `auxiliar` VALUES (916, 'GPS', 5, 1, NULL, NULL, NULL, '0000-00-00 00:00:00', NULL, NULL);
INSERT INTO `auxiliar` VALUES (917, 'SILLON', 2, 1, NULL, NULL, NULL, '0000-00-00 00:00:00', NULL, NULL);
INSERT INTO `auxiliar` VALUES (918, 'TABURETE', 2, 1, NULL, NULL, NULL, '0000-00-00 00:00:00', NULL, NULL);
INSERT INTO `auxiliar` VALUES (919, 'CALCULADORA', 2, 1, NULL, NULL, NULL, '0000-00-00 00:00:00', NULL, NULL);
INSERT INTO `auxiliar` VALUES (920, 'HANDYS', 5, 1, NULL, NULL, NULL, '0000-00-00 00:00:00', NULL, NULL);
INSERT INTO `auxiliar` VALUES (921, 'ESTACION TOTAL', 5, 1, NULL, NULL, NULL, '0000-00-00 00:00:00', NULL, NULL);
INSERT INTO `auxiliar` VALUES (922, 'TRIPODE', 5, 1, NULL, NULL, NULL, '0000-00-00 00:00:00', NULL, NULL);
INSERT INTO `auxiliar` VALUES (923, 'PORTA PRIMA', 5, 1, NULL, NULL, NULL, '0000-00-00 00:00:00', NULL, NULL);
INSERT INTO `auxiliar` VALUES (924, 'PRISMA', 5, 1, NULL, NULL, NULL, '0000-00-00 00:00:00', NULL, NULL);
INSERT INTO `auxiliar` VALUES (925, 'BALANZA DE PRESICION', 3, 1, NULL, NULL, NULL, '0000-00-00 00:00:00', NULL, NULL);
INSERT INTO `auxiliar` VALUES (926, 'CORTADORA CESPED', 3, 1, NULL, NULL, NULL, '0000-00-00 00:00:00', NULL, NULL);
INSERT INTO `auxiliar` VALUES (927, 'CAMARA FILMADORA', 5, 1, NULL, NULL, NULL, '0000-00-00 00:00:00', NULL, NULL);
INSERT INTO `auxiliar` VALUES (928, 'BICICLETA', 3, 1, NULL, NULL, NULL, '0000-00-00 00:00:00', NULL, NULL);
INSERT INTO `auxiliar` VALUES (929, 'BANQUETA', 2, 1, NULL, NULL, NULL, '0000-00-00 00:00:00', NULL, NULL);
INSERT INTO `auxiliar` VALUES (930, 'DVD', 5, 1, NULL, NULL, NULL, '0000-00-00 00:00:00', NULL, NULL);
INSERT INTO `auxiliar` VALUES (931, 'VHS', 5, 1, NULL, NULL, NULL, '0000-00-00 00:00:00', NULL, NULL);
INSERT INTO `auxiliar` VALUES (932, 'PANEL SOLAR', 24, 1, NULL, NULL, NULL, '0000-00-00 00:00:00', NULL, NULL);
INSERT INTO `auxiliar` VALUES (933, 'CARGADOR DE BATERIA', 24, 1, NULL, NULL, NULL, '0000-00-00 00:00:00', NULL, NULL);
INSERT INTO `auxiliar` VALUES (934, 'FUMIGADORA', 3, 1, NULL, NULL, NULL, '0000-00-00 00:00:00', NULL, NULL);
INSERT INTO `auxiliar` VALUES (935, 'CONVERSOR ENERGIA PARA RADIO', 5, 1, NULL, NULL, NULL, '0000-00-00 00:00:00', NULL, NULL);
INSERT INTO `auxiliar` VALUES (936, 'RADIO', 5, 1, NULL, NULL, NULL, '0000-00-00 00:00:00', NULL, NULL);
INSERT INTO `auxiliar` VALUES (937, 'CODIFICADOR', 5, 1, NULL, NULL, NULL, '0000-00-00 00:00:00', NULL, NULL);
INSERT INTO `auxiliar` VALUES (938, 'PARLANTE', 5, 1, NULL, NULL, NULL, '0000-00-00 00:00:00', NULL, NULL);
INSERT INTO `auxiliar` VALUES (939, 'COCINA', 3, 1, NULL, NULL, NULL, '0000-00-00 00:00:00', NULL, NULL);
INSERT INTO `auxiliar` VALUES (940, 'TALLIMETRO', 4, 1, NULL, NULL, NULL, '0000-00-00 00:00:00', NULL, NULL);
INSERT INTO `auxiliar` VALUES (941, 'MOTOR GENERADOR', 24, 1, NULL, NULL, NULL, '0000-00-00 00:00:00', NULL, NULL);
INSERT INTO `auxiliar` VALUES (942, 'MESA MEDIA HEXAGONAL', 6, 1, NULL, NULL, NULL, '0000-00-00 00:00:00', NULL, NULL);
INSERT INTO `auxiliar` VALUES (943, 'TRANSMISOR DE TV', 5, 1, NULL, NULL, NULL, '0000-00-00 00:00:00', NULL, NULL);
INSERT INTO `auxiliar` VALUES (944, 'COMPRESORA', 3, 1, NULL, NULL, NULL, '0000-00-00 00:00:00', NULL, NULL);
INSERT INTO `auxiliar` VALUES (945, 'ARCO OXIGENO', 3, 1, NULL, NULL, NULL, '0000-00-00 00:00:00', NULL, NULL);
INSERT INTO `auxiliar` VALUES (946, 'TALADRO', 3, 1, NULL, NULL, NULL, '0000-00-00 00:00:00', NULL, NULL);
INSERT INTO `auxiliar` VALUES (947, 'AMOLADORA', 3, 1, NULL, NULL, NULL, '0000-00-00 00:00:00', NULL, NULL);
INSERT INTO `auxiliar` VALUES (948, 'MEDIDOR DE PRESION', 3, 1, NULL, NULL, NULL, '0000-00-00 00:00:00', NULL, NULL);
INSERT INTO `auxiliar` VALUES (949, 'PRENSA HIDRAULICA', 3, 1, NULL, NULL, NULL, '0000-00-00 00:00:00', NULL, NULL);
INSERT INTO `auxiliar` VALUES (950, 'GATA HIDRAULICA', 3, 1, NULL, NULL, NULL, '0000-00-00 00:00:00', NULL, NULL);
INSERT INTO `auxiliar` VALUES (951, 'KIT DE HERRAMIENTAS', 3, 1, NULL, NULL, NULL, '0000-00-00 00:00:00', NULL, NULL);
INSERT INTO `auxiliar` VALUES (952, 'CAMA DE INTERNACION', 4, 1, NULL, NULL, NULL, '0000-00-00 00:00:00', NULL, NULL);
INSERT INTO `auxiliar` VALUES (953, 'SILLA ESPECIAL', 6, 1, NULL, NULL, NULL, '0000-00-00 00:00:00', NULL, NULL);
INSERT INTO `auxiliar` VALUES (954, 'EDIFICIO', 1, 1, NULL, NULL, NULL, '0000-00-00 00:00:00', NULL, NULL);
INSERT INTO `auxiliar` VALUES (955, 'TERRENO', 34, 1, NULL, NULL, NULL, '0000-00-00 00:00:00', NULL, NULL);
INSERT INTO `auxiliar` VALUES (956, 'VAGONETA', 8, 1, NULL, NULL, NULL, '0000-00-00 00:00:00', NULL, NULL);
INSERT INTO `auxiliar` VALUES (957, 'MOTOCICLETA', 8, 1, NULL, NULL, NULL, '0000-00-00 00:00:00', NULL, NULL);
INSERT INTO `auxiliar` VALUES (958, 'CAMIONETA', 8, 1, NULL, NULL, NULL, '0000-00-00 00:00:00', NULL, NULL);
INSERT INTO `auxiliar` VALUES (959, 'TRACTOR AGRICOLA', 11, 1, NULL, NULL, NULL, '0000-00-00 00:00:00', NULL, NULL);
INSERT INTO `auxiliar` VALUES (960, 'TRACTOR ORUGA', 10, 1, NULL, NULL, NULL, '0000-00-00 00:00:00', NULL, NULL);
INSERT INTO `auxiliar` VALUES (961, 'TRACTOR RETROEXCAVADORA', 10, 1, NULL, NULL, NULL, '0000-00-00 00:00:00', NULL, NULL);
INSERT INTO `auxiliar` VALUES (962, 'COMPRESORA', 10, 1, NULL, NULL, NULL, '0000-00-00 00:00:00', NULL, NULL);
INSERT INTO `auxiliar` VALUES (963, 'MARTILLO', 10, 1, NULL, NULL, NULL, '0000-00-00 00:00:00', NULL, NULL);
INSERT INTO `auxiliar` VALUES (964, 'HUB', 5, 1, NULL, NULL, NULL, '0000-00-00 00:00:00', NULL, NULL);
INSERT INTO `auxiliar` VALUES (965, 'GILLOTINA', 2, 1, NULL, NULL, NULL, '0000-00-00 00:00:00', NULL, NULL);
INSERT INTO `auxiliar` VALUES (966, 'ESCRITORIO', 2, 1, NULL, NULL, NULL, '0000-00-00 00:00:00', NULL, NULL);
INSERT INTO `auxiliar` VALUES (967, 'MESA', 2, 1, NULL, NULL, NULL, '0000-00-00 00:00:00', NULL, NULL);
INSERT INTO `auxiliar` VALUES (968, 'MUEBLE DE COMPUTADORA', 2, 1, NULL, NULL, NULL, '0000-00-00 00:00:00', NULL, NULL);
INSERT INTO `auxiliar` VALUES (969, 'SILLA', 2, 1, NULL, NULL, NULL, '0000-00-00 00:00:00', NULL, NULL);
INSERT INTO `auxiliar` VALUES (970, 'ESTANTE', 2, 1, NULL, NULL, NULL, '0000-00-00 00:00:00', NULL, NULL);
INSERT INTO `auxiliar` VALUES (971, 'VITRINA', 2, 1, NULL, NULL, NULL, '0000-00-00 00:00:00', NULL, NULL);
INSERT INTO `auxiliar` VALUES (972, 'LIVING', 2, 1, NULL, NULL, NULL, '0000-00-00 00:00:00', NULL, NULL);
INSERT INTO `auxiliar` VALUES (973, 'SILLA GIRATORIA', 2, 1, NULL, NULL, NULL, '0000-00-00 00:00:00', NULL, NULL);
INSERT INTO `auxiliar` VALUES (974, 'MAQUINA DE ESCRIBIR', 2, 1, NULL, NULL, NULL, '0000-00-00 00:00:00', NULL, NULL);
INSERT INTO `auxiliar` VALUES (975, 'ANILLADORA', 2, 1, NULL, NULL, NULL, '0000-00-00 00:00:00', NULL, NULL);
INSERT INTO `auxiliar` VALUES (976, 'GUILLOTINA', 2, 1, NULL, NULL, NULL, '0000-00-00 00:00:00', NULL, NULL);
INSERT INTO `auxiliar` VALUES (977, 'FOTOCOPIADORA', 2, 1, NULL, NULL, NULL, '0000-00-00 00:00:00', NULL, NULL);
INSERT INTO `auxiliar` VALUES (978, 'PIZARRA', 6, 1, NULL, NULL, NULL, '0000-00-00 00:00:00', NULL, NULL);
INSERT INTO `auxiliar` VALUES (979, 'CPU', 15, 1, NULL, NULL, NULL, '0000-00-00 00:00:00', NULL, NULL);
INSERT INTO `auxiliar` VALUES (980, 'MONITOR', 15, 1, NULL, NULL, NULL, '0000-00-00 00:00:00', NULL, NULL);
INSERT INTO `auxiliar` VALUES (981, 'IMPRESORA', 15, 1, NULL, NULL, NULL, '0000-00-00 00:00:00', NULL, NULL);
INSERT INTO `auxiliar` VALUES (982, 'ESTABILIZADOR', 15, 1, NULL, NULL, NULL, '0000-00-00 00:00:00', NULL, NULL);
INSERT INTO `auxiliar` VALUES (983, 'COMPUTADORA PORTATIL', 15, 1, NULL, NULL, NULL, '0000-00-00 00:00:00', NULL, NULL);
INSERT INTO `auxiliar` VALUES (984, 'ESTABILIZADOR DE FOTOCOPIADORA', 2, 1, NULL, NULL, NULL, '0000-00-00 00:00:00', NULL, NULL);
INSERT INTO `auxiliar` VALUES (985, 'RADIO', 5, 1, NULL, NULL, NULL, '0000-00-00 00:00:00', NULL, NULL);
INSERT INTO `auxiliar` VALUES (986, 'PROYECTORA', 5, 1, NULL, NULL, NULL, '0000-00-00 00:00:00', NULL, NULL);
INSERT INTO `auxiliar` VALUES (987, 'CAMARA', 5, 1, NULL, NULL, NULL, '0000-00-00 00:00:00', NULL, NULL);
INSERT INTO `auxiliar` VALUES (988, 'CUADRATRACK', 8, 1, NULL, NULL, NULL, '0000-00-00 00:00:00', NULL, NULL);
INSERT INTO `auxiliar` VALUES (989, 'ESCRITORIO', 2, 1, NULL, NULL, NULL, '0000-00-00 00:00:00', NULL, NULL);
INSERT INTO `auxiliar` VALUES (990, 'ESTANTE', 2, 1, NULL, NULL, NULL, '0000-00-00 00:00:00', NULL, NULL);
INSERT INTO `auxiliar` VALUES (991, 'VITRINA', 2, 1, NULL, NULL, NULL, '0000-00-00 00:00:00', NULL, NULL);
INSERT INTO `auxiliar` VALUES (992, 'SILLA', 2, 1, NULL, NULL, NULL, '0000-00-00 00:00:00', NULL, NULL);
INSERT INTO `auxiliar` VALUES (993, 'MESA', 2, 1, NULL, NULL, NULL, '0000-00-00 00:00:00', NULL, NULL);
INSERT INTO `auxiliar` VALUES (994, 'MUEBLE DE COMPUTADORA', 2, 1, NULL, NULL, NULL, '0000-00-00 00:00:00', NULL, NULL);
INSERT INTO `auxiliar` VALUES (995, 'BANQUETA', 2, 1, NULL, NULL, NULL, '0000-00-00 00:00:00', NULL, NULL);
INSERT INTO `auxiliar` VALUES (996, 'TELEVISOR', 5, 1, NULL, NULL, NULL, '0000-00-00 00:00:00', NULL, NULL);
INSERT INTO `auxiliar` VALUES (997, 'PROYECTOR', 5, 1, NULL, NULL, NULL, '0000-00-00 00:00:00', NULL, NULL);
INSERT INTO `auxiliar` VALUES (998, 'DVD', 5, 1, NULL, NULL, NULL, '0000-00-00 00:00:00', NULL, NULL);
INSERT INTO `auxiliar` VALUES (999, 'CPU', 15, 1, NULL, NULL, NULL, '0000-00-00 00:00:00', NULL, NULL);
INSERT INTO `auxiliar` VALUES (1000, 'MONITOR', 15, 1, NULL, NULL, NULL, '0000-00-00 00:00:00', NULL, NULL);

-- ----------------------------
-- Table structure for bajas
-- ----------------------------
DROP TABLE IF EXISTS `bajas`;
CREATE TABLE `bajas`  (
  `baja_id` int(11) NOT NULL AUTO_INCREMENT,
  `motivo` varchar(255) CHARACTER SET utf8 COLLATE utf8_spanish_ci NOT NULL,
  `fecha_baja` date NOT NULL,
  `activo_id` int(11) NOT NULL,
  `activo` int(11) NOT NULL DEFAULT 1 COMMENT 'Estado del registro dentro la tabla:persona',
  PRIMARY KEY (`baja_id`) USING BTREE
) ENGINE = InnoDB AUTO_INCREMENT = 7 CHARACTER SET = utf8 COLLATE = utf8_spanish_ci ROW_FORMAT = Compact;

-- ----------------------------
-- Records of bajas
-- ----------------------------
INSERT INTO `bajas` VALUES (5, 'obsolecencia', '2019-04-19', 7, 1);
INSERT INTO `bajas` VALUES (6, 'obsolecencia', '2019-04-19', 7, 1);

-- ----------------------------
-- Table structure for cargos
-- ----------------------------
DROP TABLE IF EXISTS `cargos`;
CREATE TABLE `cargos`  (
  `cargo_id` int(11) NOT NULL AUTO_INCREMENT,
  `descripcion` varchar(255) CHARACTER SET utf8 COLLATE utf8_spanish_ci NULL DEFAULT NULL,
  `usu_creacion` int(11) NULL DEFAULT NULL COMMENT 'Usuario que creo el registro dentro la tabla:persona',
  `fecha_create` datetime(0) NOT NULL COMMENT 'Fecha que se creo el registro dentro la tabla:persona',
  `activo` int(11) NOT NULL DEFAULT 1 COMMENT 'Estado del registro dentro la tabla:persona',
  PRIMARY KEY (`cargo_id`) USING BTREE
) ENGINE = InnoDB AUTO_INCREMENT = 21 CHARACTER SET = utf8 COLLATE = utf8_spanish_ci ROW_FORMAT = Compact;

-- ----------------------------
-- Records of cargos
-- ----------------------------
INSERT INTO `cargos` VALUES (1, 'Gerente General', NULL, '2019-04-20 10:55:24', 1);
INSERT INTO `cargos` VALUES (2, 'Jefe de Unidad', NULL, '2019-04-20 13:35:25', 1);
INSERT INTO `cargos` VALUES (4, 'Encargado de Sistemas', NULL, '2019-04-20 14:57:14', 1);
INSERT INTO `cargos` VALUES (20, 'Tecnico en Desarrollo de Sistemas IV', NULL, '2019-04-20 10:57:09', 1);

-- ----------------------------
-- Table structure for credencial
-- ----------------------------
DROP TABLE IF EXISTS `credencial`;
CREATE TABLE `credencial`  (
  `credencial_id` int(11) NOT NULL AUTO_INCREMENT,
  `persona_perfil_id` int(11) NULL DEFAULT NULL,
  `rol_id` int(11) NULL DEFAULT NULL,
  `usuario` varchar(100) CHARACTER SET utf8mb4 COLLATE utf8mb4_bin NOT NULL,
  `contrasenia` varchar(30) CHARACTER SET utf8mb4 COLLATE utf8mb4_bin NOT NULL,
  `token` text CHARACTER SET utf8mb4 COLLATE utf8mb4_bin NULL,
  `url` varchar(250) CHARACTER SET utf8mb4 COLLATE utf8mb4_bin NULL DEFAULT NULL,
  `activo` int(11) NOT NULL DEFAULT 1,
  `usu_creacion` int(11) NULL DEFAULT NULL,
  `usu_modificacion` int(11) NULL DEFAULT NULL,
  `usu_eliminacion` int(11) NULL DEFAULT NULL,
  `fecha_create` datetime(0) NOT NULL,
  `fec_modificacion` datetime(0) NULL DEFAULT NULL,
  `fec_eliminacion` datetime(0) NULL DEFAULT NULL,
  `img` varchar(255) CHARACTER SET utf8mb4 COLLATE utf8mb4_bin NULL DEFAULT NULL,
  PRIMARY KEY (`credencial_id`) USING BTREE,
  INDEX `fk_credencial_persona_perfil`(`persona_perfil_id`) USING BTREE,
  INDEX `fk_credencial_rol`(`rol_id`) USING BTREE
) ENGINE = InnoDB AUTO_INCREMENT = 19 CHARACTER SET = utf8mb4 COLLATE = utf8mb4_bin ROW_FORMAT = Compact;

-- ----------------------------
-- Records of credencial
-- ----------------------------
INSERT INTO `credencial` VALUES (3, 8, 6, 'admin', '12345', '0', NULL, 1, NULL, NULL, NULL, '2019-03-12 15:55:54', '2019-03-25 15:01:22', NULL, NULL);
INSERT INTO `credencial` VALUES (10, 1, 6, 'cristian', '', '0', NULL, 1, NULL, NULL, NULL, '2019-02-27 14:27:23', '2019-04-03 12:27:01', NULL, NULL);
INSERT INTO `credencial` VALUES (18, NULL, 6, 'elmer.secko', '6751497', NULL, NULL, 1, NULL, NULL, NULL, '2019-04-21 09:39:01', NULL, NULL, NULL);

-- ----------------------------
-- Table structure for devolucion
-- ----------------------------
DROP TABLE IF EXISTS `devolucion`;
CREATE TABLE `devolucion`  (
  `devolucion_id` int(11) NOT NULL AUTO_INCREMENT,
  `activo_id` int(11) NOT NULL,
  `empleado_id` int(11) NULL DEFAULT NULL,
  `fecha_devolucion` date NULL DEFAULT NULL,
  `activo` int(11) NOT NULL DEFAULT 1 COMMENT 'Estado del registro dentro la tabla:persona',
  `motivo` varchar(255) CHARACTER SET utf8 COLLATE utf8_spanish_ci NOT NULL,
  PRIMARY KEY (`devolucion_id`) USING BTREE
) ENGINE = InnoDB AUTO_INCREMENT = 8 CHARACTER SET = utf8mb4 COLLATE = utf8mb4_bin ROW_FORMAT = Compact;

-- ----------------------------
-- Records of devolucion
-- ----------------------------
INSERT INTO `devolucion` VALUES (7, 9, 45, '2019-04-19', 1, 'por vencimiento de contrato');

-- ----------------------------
-- Table structure for empresa
-- ----------------------------
DROP TABLE IF EXISTS `empresa`;
CREATE TABLE `empresa`  (
  `empresa_id` int(11) NOT NULL AUTO_INCREMENT,
  `nombre` varchar(255) CHARACTER SET utf8mb4 COLLATE utf8mb4_bin NOT NULL,
  `direccion` varchar(255) CHARACTER SET utf8mb4 COLLATE utf8mb4_bin NOT NULL,
  `nit` int(50) NOT NULL,
  `ciudad` varchar(255) CHARACTER SET utf8mb4 COLLATE utf8mb4_bin NOT NULL,
  `telefono` int(20) NOT NULL,
  `fecha_creacion_emp` date NOT NULL,
  `anio` int(10) NOT NULL,
  `mes` int(10) NOT NULL,
  `usu_create` varchar(255) CHARACTER SET utf8mb4 COLLATE utf8mb4_bin NOT NULL,
  `usu_update` varchar(255) CHARACTER SET utf8mb4 COLLATE utf8mb4_bin NULL DEFAULT NULL,
  `usu_delete` varchar(255) CHARACTER SET utf8mb4 COLLATE utf8mb4_bin NULL DEFAULT NULL,
  `fecha_create` datetime(6) NOT NULL ON UPDATE CURRENT_TIMESTAMP(6),
  `fecha_update` datetime(6) NULL DEFAULT NULL,
  `fecha_delete` datetime(6) NULL DEFAULT NULL,
  `activo` int(2) NOT NULL DEFAULT 1,
  PRIMARY KEY (`empresa_id`) USING BTREE
) ENGINE = InnoDB AUTO_INCREMENT = 7 CHARACTER SET = utf8mb4 COLLATE = utf8mb4_bin ROW_FORMAT = Compact;

-- ----------------------------
-- Records of empresa
-- ----------------------------
INSERT INTO `empresa` VALUES (6, 'Constructora Consorcio Ryuno Noeval', 'Av. McaI. Santa Cruz - Edif. La Primera - P.8 Bloque A', 2147483647, 'la paz', 2900444, '2019-04-05', 0, 0, '', NULL, NULL, '2019-04-21 15:19:38.049766', NULL, NULL, 1);

-- ----------------------------
-- Table structure for grupo
-- ----------------------------
DROP TABLE IF EXISTS `grupo`;
CREATE TABLE `grupo`  (
  `grupo_id` int(10) NOT NULL AUTO_INCREMENT,
  `nombre` varchar(255) CHARACTER SET utf8mb4 COLLATE utf8mb4_bin NULL DEFAULT NULL,
  `activo` int(11) NOT NULL DEFAULT 1 COMMENT 'Estado del registro dentro la tabla:persona',
  `usu_creacion` int(11) NULL DEFAULT NULL COMMENT 'Usuario que creo el registro dentro la tabla:persona',
  `usu_modificacion` int(11) NULL DEFAULT NULL COMMENT 'Usuario que modifico el registro dentro la tabla:persona',
  `usu_eliminacion` int(11) NULL DEFAULT NULL COMMENT 'Usuario que elimino el registro dentro la tabla:persona',
  `fecha_create` datetime(0) NOT NULL COMMENT 'Fecha que se creo el registro dentro la tabla:persona',
  `fec_modificacion` datetime(0) NULL DEFAULT NULL COMMENT 'Fecha que se modifico el registro dentro la tabla:persona',
  `fec_eliminacion` datetime(0) NULL DEFAULT NULL COMMENT 'fecha que se elimino el registro dentro la tabla:persona',
  PRIMARY KEY (`grupo_id`) USING BTREE
) ENGINE = InnoDB AUTO_INCREMENT = 38 CHARACTER SET = utf8mb4 COLLATE = utf8mb4_bin ROW_FORMAT = Compact;

-- ----------------------------
-- Records of grupo
-- ----------------------------
INSERT INTO `grupo` VALUES (1, 'EDIFICACIONES', 1, NULL, NULL, NULL, '2019-04-19 12:23:26', NULL, NULL);
INSERT INTO `grupo` VALUES (2, 'MUEBLES Y ENSERES DE OFICINA', 1, NULL, NULL, NULL, '2019-04-19 12:26:45', NULL, NULL);
INSERT INTO `grupo` VALUES (3, 'MAQUINARIA EN GENERAL', 1, NULL, NULL, NULL, '2019-04-19 14:16:40', NULL, NULL);
INSERT INTO `grupo` VALUES (4, 'EQUIPO MEDICO Y DE LABORATORIO', 1, NULL, NULL, NULL, '2019-04-19 14:16:42', NULL, NULL);
INSERT INTO `grupo` VALUES (5, 'EQUIPO DE COMUNICACIONES', 1, NULL, NULL, NULL, '2019-04-19 14:16:45', NULL, NULL);
INSERT INTO `grupo` VALUES (6, 'EQUIPO EDUCACIONAL Y RECREATIVO', 1, NULL, NULL, NULL, '2019-04-19 14:16:47', NULL, NULL);
INSERT INTO `grupo` VALUES (7, 'BARCOS Y LANCHAS EN GENERAL', 1, NULL, NULL, NULL, '2019-04-19 14:16:51', NULL, NULL);
INSERT INTO `grupo` VALUES (8, 'VEHICULOS AUTOMOTORES', 1, NULL, NULL, NULL, '2019-04-19 14:16:45', NULL, NULL);
INSERT INTO `grupo` VALUES (9, 'AVIONES', 1, NULL, NULL, NULL, '2019-04-19 14:16:45', NULL, NULL);
INSERT INTO `grupo` VALUES (10, 'MAQUINARIA PARA LA CONSTRUCCION', 1, NULL, NULL, NULL, '2019-04-19 14:16:45', NULL, NULL);
INSERT INTO `grupo` VALUES (11, 'MAQUINARIA AGRICOLA', 1, NULL, NULL, NULL, '2019-04-19 14:16:45', NULL, NULL);
INSERT INTO `grupo` VALUES (12, 'ANIMALES DE TRABAJO', 1, NULL, NULL, NULL, '2019-04-19 14:16:45', NULL, NULL);
INSERT INTO `grupo` VALUES (13, 'HERRAMIENTAS EN GENERAL', 1, NULL, NULL, NULL, '2019-04-19 14:16:45', NULL, NULL);
INSERT INTO `grupo` VALUES (14, 'REPRODUCTORES Y HEMBRAS DE PEDIGREE', 1, NULL, NULL, NULL, '2019-04-19 14:16:45', NULL, NULL);
INSERT INTO `grupo` VALUES (15, 'EQUIPOS DE COMPUTACION', 1, NULL, NULL, NULL, '2019-04-19 14:16:45', NULL, NULL);
INSERT INTO `grupo` VALUES (16, 'CANALES DE REGADIO Y POZOS', 1, NULL, NULL, NULL, '2019-04-19 14:16:45', NULL, NULL);
INSERT INTO `grupo` VALUES (17, 'ESTANQUES, BAADEROS Y ABREVADEROS', 1, NULL, NULL, NULL, '2019-04-19 14:16:45', NULL, NULL);
INSERT INTO `grupo` VALUES (18, 'ALAMBRADOS, TRANQUERAS Y VALLAS', 1, NULL, NULL, NULL, '2019-04-19 14:16:45', NULL, NULL);
INSERT INTO `grupo` VALUES (19, 'VIVIENDAS PARA EL PERSONAL', 1, NULL, NULL, NULL, '2019-04-19 14:16:45', NULL, NULL);
INSERT INTO `grupo` VALUES (20, 'MUEBLES Y ENSERES EN VIVIENDAS DE PERSONAL', 1, NULL, NULL, NULL, '2019-04-19 14:16:45', NULL, NULL);
INSERT INTO `grupo` VALUES (21, 'SILOS, ALMACENES Y GALPONES', 1, NULL, NULL, NULL, '2019-04-19 14:16:45', NULL, NULL);
INSERT INTO `grupo` VALUES (22, 'TINGLADOS Y COBERTIZOS DE MADERA', 1, NULL, NULL, NULL, '2019-04-19 14:16:45', NULL, NULL);
INSERT INTO `grupo` VALUES (23, 'TINGLADOS Y COBERTIZOS DE METAL', 1, NULL, NULL, NULL, '2019-04-19 14:16:45', NULL, NULL);
INSERT INTO `grupo` VALUES (24, 'INSTALACION DE ELECTRIFICACION Y TELEFONIA RURAL', 1, NULL, NULL, NULL, '2019-04-19 14:16:45', NULL, NULL);
INSERT INTO `grupo` VALUES (25, 'CAMINOS INTERIORES', 1, NULL, NULL, NULL, '2019-04-19 14:16:45', NULL, NULL);
INSERT INTO `grupo` VALUES (26, 'CAA DE AZUCAR', 1, NULL, NULL, NULL, '2019-04-19 14:16:45', NULL, NULL);
INSERT INTO `grupo` VALUES (27, 'VIDES', 1, NULL, NULL, NULL, '2019-04-19 14:16:45', NULL, NULL);
INSERT INTO `grupo` VALUES (28, 'FRUTALES', 1, NULL, NULL, NULL, '2019-04-19 14:16:45', NULL, NULL);
INSERT INTO `grupo` VALUES (29, 'POZOS PETROLEROS', 1, NULL, NULL, NULL, '2019-04-19 14:16:45', NULL, NULL);
INSERT INTO `grupo` VALUES (30, 'LINEAS DE RECOLECCION DE LA INDUSTRIA PETROLERA', 1, NULL, NULL, NULL, '2019-04-19 14:16:45', NULL, NULL);
INSERT INTO `grupo` VALUES (31, 'EQUIPOS DE CAMPO DE LA INDUSTRIA PETROLERA', 1, NULL, NULL, NULL, '2019-04-19 14:16:45', NULL, NULL);
INSERT INTO `grupo` VALUES (32, 'PLANTA DE PROCESAMIENTO DE LA INDUSTRIA PETROLERA', 1, NULL, NULL, NULL, '2019-04-19 14:16:45', NULL, NULL);
INSERT INTO `grupo` VALUES (33, 'DUCTOS DE LA INDUSTRIA PETROLERA', 1, NULL, NULL, NULL, '2019-04-19 14:16:45', NULL, NULL);
INSERT INTO `grupo` VALUES (34, 'TERRENOS', 1, NULL, NULL, NULL, '2019-04-19 14:16:45', NULL, NULL);
INSERT INTO `grupo` VALUES (35, 'OTROS ACTIVOS FIJOS', 1, NULL, NULL, NULL, '2019-04-19 14:16:45', NULL, NULL);
INSERT INTO `grupo` VALUES (36, 'ACTIVOS INTANGIBLES', 1, NULL, NULL, NULL, '2019-04-19 14:16:45', NULL, NULL);
INSERT INTO `grupo` VALUES (37, 'EQUIPO E INSTALACIONES', 1, NULL, NULL, NULL, '2019-04-19 14:16:45', NULL, NULL);

-- ----------------------------
-- Table structure for persona
-- ----------------------------
DROP TABLE IF EXISTS `persona`;
CREATE TABLE `persona`  (
  `persona_id` int(11) NOT NULL AUTO_INCREMENT COMMENT 'Llave primaria de la tabla:persona',
  `nombres` varchar(150) CHARACTER SET utf8mb4 COLLATE utf8mb4_bin NOT NULL COMMENT 'Nombre o nombres de la persona',
  `paterno` varchar(100) CHARACTER SET utf8mb4 COLLATE utf8mb4_bin NOT NULL COMMENT 'Apellido paterno de la persona',
  `materno` varchar(100) CHARACTER SET utf8mb4 COLLATE utf8mb4_bin NOT NULL COMMENT 'Apellido paterno de la persona',
  `ci` varchar(30) CHARACTER SET utf8mb4 COLLATE utf8mb4_bin NOT NULL COMMENT 'Cedula de identidad de la persona',
  `fec_nacimiento` date NOT NULL COMMENT 'Fecha de nacimiento de la persona',
  `telefono` int(11) NOT NULL,
  `direccion` varchar(255) CHARACTER SET utf8mb4 COLLATE utf8mb4_bin NOT NULL,
  `fec_incorporacion` date NOT NULL,
  `cargo_id` int(11) NOT NULL,
  `unidad_id` int(11) NOT NULL,
  `activo` int(11) NOT NULL DEFAULT 1 COMMENT 'Estado del registro dentro la tabla:persona',
  `usu_creacion` int(11) NULL DEFAULT NULL COMMENT 'Usuario que creo el registro dentro la tabla:persona',
  `usu_modificacion` int(11) NULL DEFAULT NULL COMMENT 'Usuario que modifico el registro dentro la tabla:persona',
  `usu_eliminacion` int(11) NULL DEFAULT NULL COMMENT 'Usuario que elimino el registro dentro la tabla:persona',
  `fecha_create` datetime(0) NOT NULL COMMENT 'Fecha que se creo el registro dentro la tabla:persona',
  `fec_modificacion` datetime(0) NULL DEFAULT NULL COMMENT 'Fecha que se modifico el registro dentro la tabla:persona',
  `fec_eliminacion` datetime(0) NULL DEFAULT NULL COMMENT 'fecha que se elimino el registro dentro la tabla:persona',
  `padre_id` int(11) NULL DEFAULT NULL,
  `nivel` int(11) NULL DEFAULT NULL,
  PRIMARY KEY (`persona_id`) USING BTREE
) ENGINE = InnoDB AUTO_INCREMENT = 80 CHARACTER SET = utf8mb4 COLLATE = utf8mb4_bin COMMENT = 'Tabla:persona que guarda los datos de las personas involucradas con el sistema' ROW_FORMAT = Compact;

-- ----------------------------
-- Records of persona
-- ----------------------------
INSERT INTO `persona` VALUES (1, 'CRISTIAN', 'CHAMBY', 'SALINAS', '9112739', '1992-10-20', 0, '', '0000-00-00', 0, 0, 1, NULL, 1, NULL, '2019-02-27 14:25:04', '2019-03-20 19:38:38', NULL, 0, 0);
INSERT INTO `persona` VALUES (4, 'Jacqueline Ninosca', 'Hinojosa', 'Villegas', '8304382', '1992-03-10', 0, '', '0000-00-00', 0, 0, 1, NULL, NULL, NULL, '2019-02-27 17:38:32', '2019-03-19 17:24:51', NULL, 0, 0);
INSERT INTO `persona` VALUES (20, 'Pedro', 'Torrez', 'Vargas', '2587413', '2000-06-10', 0, '', '0000-00-00', 0, 0, 1, NULL, NULL, NULL, '2019-02-27 18:22:55', NULL, NULL, 0, 0);
INSERT INTO `persona` VALUES (22, 'Ricardo', 'Vargas', 'Tapia', '5471236', '2001-05-10', 0, '', '0000-00-00', 0, 0, 1, NULL, NULL, NULL, '2019-02-27 19:26:56', NULL, NULL, 0, 0);
INSERT INTO `persona` VALUES (25, 'Pablo', 'Duran', 'Ramos', '9865742', '1995-03-10', 0, '', '0000-00-00', 0, 0, 1, NULL, NULL, NULL, '2019-03-11 16:56:43', NULL, NULL, 0, 0);
INSERT INTO `persona` VALUES (26, 'Jose Jose', 'Perez', 'Perez', '78784079', '1992-03-12', 0, '', '0000-00-00', 0, 0, 1, NULL, NULL, NULL, '2019-03-12 15:27:12', NULL, NULL, 0, 0);
INSERT INTO `persona` VALUES (33, 'stefania', 'cordero', 'maydana', '10913746', '1993-07-13', 0, '', '0000-00-00', 2, 4, 1, NULL, NULL, NULL, '2019-03-12 15:40:08', NULL, NULL, 60, 1);
INSERT INTO `persona` VALUES (41, 'marco', 'chamby', 'quiroga', '32132132', '1970-01-12', 0, '', '0000-00-00', 0, 0, 1, NULL, NULL, NULL, '2019-03-12 17:42:46', NULL, NULL, 0, 0);
INSERT INTO `persona` VALUES (43, 'Gonzalo', 'Teran', 'Vega', '2258963', '1988-01-28', 0, '', '0000-00-00', 0, 0, 1, NULL, NULL, NULL, '2019-03-12 17:52:20', NULL, NULL, 0, 0);
INSERT INTO `persona` VALUES (44, 'pedro ariel', 'fernandez', 'ali', '7896542', '1990-02-01', 0, '', '0000-00-00', 0, 0, 1, NULL, NULL, NULL, '2019-03-12 18:30:51', NULL, NULL, 0, 0);
INSERT INTO `persona` VALUES (45, 'Ruth', 'Conde', 'Sarzuri', '8574963', '1998-10-10', 0, '', '0000-00-00', 0, 0, 1, 1, NULL, NULL, '2019-03-18 16:07:30', NULL, NULL, 0, 0);
INSERT INTO `persona` VALUES (48, 'Administrador', 'Administrador', 'Administrador', '985452112', '1981-02-10', 0, '', '0000-00-00', 0, 0, 1, NULL, NULL, NULL, '2019-03-19 11:31:04', '2019-03-19 17:05:41', NULL, 0, 0);
INSERT INTO `persona` VALUES (53, 'Rocio', 'Medina', 'Montes', '9874563', '2000-04-10', 0, '', '0000-00-00', 0, 0, 1, 1, NULL, NULL, '2019-03-19 16:21:29', NULL, NULL, 0, 0);
INSERT INTO `persona` VALUES (54, 'Luis', 'Tarqui', 'Luna', '1234567', '1980-08-10', 0, '', '0000-00-00', 0, 0, 1, 1, NULL, NULL, '2019-03-19 16:52:41', NULL, NULL, 0, 0);
INSERT INTO `persona` VALUES (57, 'libia', 'salinas', 'cuajara', '9845632', '1980-02-24', 0, '', '0000-00-00', 0, 0, 1, NULL, NULL, NULL, '2019-03-20 10:56:01', NULL, NULL, 0, 0);
INSERT INTO `persona` VALUES (60, 'Fabianny', 'Vega', 'Peralta', '4332051', '1900-01-01', 0, '', '0000-00-00', 1, 1, 1, NULL, NULL, NULL, '2019-03-25 10:19:12', NULL, NULL, 0, 1);
INSERT INTO `persona` VALUES (61, 'Milton', 'Romero', 'Burgos', '1236547', '1992-12-12', 0, '', '0000-00-00', 0, 0, 1, NULL, NULL, NULL, '2019-03-25 14:53:58', NULL, NULL, 0, 0);
INSERT INTO `persona` VALUES (71, 'Renato', 'Gonzales', 'Ortuo', '6547893', '1996-06-13', 0, '', '0000-00-00', 0, 0, 1, 1, NULL, NULL, '2019-03-27 15:19:20', NULL, NULL, 0, 0);
INSERT INTO `persona` VALUES (72, 'julio', 'alvarez', 'alvarez', '87878778', '1980-10-13', 0, '', '0000-00-00', 0, 0, 1, NULL, NULL, NULL, '2019-03-27 17:26:54', NULL, NULL, 0, 0);
INSERT INTO `persona` VALUES (73, 'grover', 'aliaga', 'aliaga', '78787878', '1980-12-12', 0, '', '0000-00-00', 0, 0, 1, NULL, NULL, NULL, '2019-03-28 15:53:28', NULL, NULL, 0, 0);
INSERT INTO `persona` VALUES (75, 'Pablo', 'Gutierrez', 'Flores', '98745632', '2011-11-11', 0, '', '0000-00-00', 0, 0, 1, 1, NULL, NULL, '2019-04-01 10:28:46', '2019-04-01 14:50:16', NULL, 0, 0);
INSERT INTO `persona` VALUES (76, 'Jhonny', 'Mendoza', 'Machicado', '8965741', '1990-11-12', 0, '', '0000-00-00', 0, 0, 1, 1, NULL, NULL, '2019-04-02 15:49:47', NULL, NULL, 0, 0);
INSERT INTO `persona` VALUES (78, 'aldo Mauricio', 'Secko', 'Flores', '6751497', '2019-04-21', 222232323, 'calle san jose #59 Zona Vino Tinto', '2019-04-21', 1, 1, 1, NULL, NULL, NULL, '2019-04-21 09:28:43', NULL, NULL, NULL, NULL);
INSERT INTO `persona` VALUES (79, 'Elmer Rodrigo', 'Secko', 'Flores', '6751497', '2019-04-21', 6531111, 'Calle San Jose #59 Zona Vino Tiinto', '2019-04-21', 1, 1, 1, NULL, NULL, NULL, '2019-04-21 09:39:01', NULL, NULL, NULL, NULL);

-- ----------------------------
-- Table structure for rol
-- ----------------------------
DROP TABLE IF EXISTS `rol`;
CREATE TABLE `rol`  (
  `rol_id` int(11) NOT NULL,
  `rol` text CHARACTER SET utf8 COLLATE utf8_spanish_ci NOT NULL,
  `activo` int(11) NOT NULL,
  `usu_creacion` int(11) NULL DEFAULT NULL,
  `usu_modificacion` int(11) NULL DEFAULT NULL,
  `usu_eliminacion` int(11) NULL DEFAULT NULL,
  `fec_creacion` datetime(0) NOT NULL,
  `fec_modificacion` datetime(0) NULL DEFAULT NULL,
  `fec_eliminacion` datetime(0) NULL DEFAULT NULL,
  PRIMARY KEY (`rol_id`) USING BTREE
) ENGINE = InnoDB CHARACTER SET = utf8 COLLATE = utf8_spanish_ci ROW_FORMAT = Compact;

-- ----------------------------
-- Records of rol
-- ----------------------------
INSERT INTO `rol` VALUES (0, 'Ninguno', 0, NULL, NULL, NULL, '2019-02-27 11:53:02', NULL, NULL);
INSERT INTO `rol` VALUES (1, 'Leer', 1, NULL, NULL, NULL, '2019-02-27 11:53:02', NULL, NULL);
INSERT INTO `rol` VALUES (2, 'Escribir', 1, NULL, NULL, NULL, '2019-02-27 11:53:02', NULL, NULL);
INSERT INTO `rol` VALUES (3, 'Crear', 1, NULL, NULL, NULL, '2019-02-27 11:53:02', NULL, NULL);
INSERT INTO `rol` VALUES (4, 'Guardar ', 1, NULL, NULL, NULL, '2019-02-27 11:53:02', NULL, NULL);
INSERT INTO `rol` VALUES (5, 'Navegar', 1, NULL, NULL, NULL, '2019-02-27 11:53:02', NULL, NULL);
INSERT INTO `rol` VALUES (6, 'Aprobar', 1, NULL, NULL, NULL, '2019-02-27 11:53:02', NULL, NULL);
INSERT INTO `rol` VALUES (7, 'Todo', 1, NULL, NULL, NULL, '2019-02-27 11:53:02', NULL, NULL);

-- ----------------------------
-- Table structure for subgrupo
-- ----------------------------
DROP TABLE IF EXISTS `subgrupo`;
CREATE TABLE `subgrupo`  (
  `subgrupo_id` int(11) NOT NULL AUTO_INCREMENT,
  PRIMARY KEY (`subgrupo_id`) USING BTREE
) ENGINE = InnoDB AUTO_INCREMENT = 1 CHARACTER SET = utf8mb4 COLLATE = utf8mb4_bin ROW_FORMAT = Compact;

-- ----------------------------
-- Table structure for unidad
-- ----------------------------
DROP TABLE IF EXISTS `unidad`;
CREATE TABLE `unidad`  (
  `unidad_id` int(11) NOT NULL AUTO_INCREMENT,
  `padre_id` int(11) NOT NULL,
  `nombre_unidad` varchar(255) CHARACTER SET utf8 COLLATE utf8_spanish_ci NOT NULL,
  `usu_creacion` int(11) NULL DEFAULT NULL COMMENT 'Usuario que creo el registro dentro la tabla:persona',
  `fecha_create` datetime(0) NOT NULL COMMENT 'Fecha que se creo el registro dentro la tabla:persona',
  `activo` int(11) NOT NULL DEFAULT 1 COMMENT 'Estado del registro dentro la tabla:persona',
  `nivel` int(255) NULL DEFAULT NULL,
  PRIMARY KEY (`unidad_id`) USING BTREE
) ENGINE = InnoDB AUTO_INCREMENT = 7 CHARACTER SET = utf8 COLLATE = utf8_spanish_ci ROW_FORMAT = Compact;

-- ----------------------------
-- Records of unidad
-- ----------------------------
INSERT INTO `unidad` VALUES (1, 1, 'Despacho', NULL, '0000-00-00 00:00:00', 1, 1);
INSERT INTO `unidad` VALUES (2, 1, 'almacen', NULL, '0000-00-00 00:00:00', 1, 2);
INSERT INTO `unidad` VALUES (3, 1, 'contabilidad', NULL, '0000-00-00 00:00:00', 1, 2);
INSERT INTO `unidad` VALUES (4, 1, 'sistemas', NULL, '0000-00-00 00:00:00', 1, 2);
INSERT INTO `unidad` VALUES (5, 4, 'desarrollo', NULL, '2019-04-20 09:36:03', 1, 3);
INSERT INTO `unidad` VALUES (6, 1, 'recursos humanos', NULL, '2019-04-20 09:36:46', 1, 2);

-- ----------------------------
-- Table structure for usuarios
-- ----------------------------
DROP TABLE IF EXISTS `usuarios`;
CREATE TABLE `usuarios`  (
  `id_usuario` int(12) NOT NULL,
  `nombre` varchar(255) CHARACTER SET utf8mb4 COLLATE utf8mb4_bin NOT NULL,
  `password` varchar(255) CHARACTER SET utf8mb4 COLLATE utf8mb4_bin NOT NULL,
  PRIMARY KEY (`id_usuario`) USING BTREE
) ENGINE = InnoDB CHARACTER SET = utf8mb4 COLLATE = utf8mb4_bin ROW_FORMAT = Compact;

-- ----------------------------
-- Records of usuarios
-- ----------------------------
INSERT INTO `usuarios` VALUES (0, 'rodrigo', '123');

SET FOREIGN_KEY_CHECKS = 1;
